playerid,footed,Id,Name
/en/players/5bc43860/Brenden-Aaronson,Right Foot,5bc43860,Brenden-Aaronson
/en/players/f2bf1b0f/Che-Adams,Right Foot,f2bf1b0f,Che-Adams
/en/players/2b09d998/Tyler-Adams,Right Foot,2b09d998,Tyler-Adams
/en/players/c81d773d/Tosin-Adarabioyo,Right Foot,c81d773d,Tosin-Adarabioyo
/en/players/288e1e13/Nayef-Aguerd,Left Foot,288e1e13,Nayef-Aguerd
/en/players/9b398aea/Rayan-Ait-Nouri,Left Foot,9b398aea,Rayan-Ait-Nouri
/en/players/a8c0acb7/Kristoffer-Ajer,Right Foot,a8c0acb7,Kristoffer-Ajer
/en/players/89ac64a6/Manuel-Akanji,Right Foot,89ac64a6,Manuel-Akanji
/en/players/eaeca114/Nathan-Ake,Left Foot,eaeca114,Nathan-Ake
/en/players/b827d5b3/Marc-Albrighton,Right Foot,b827d5b3,Marc-Albrighton
/en/players/77e84962/Thiago-Alcantara,Right Foot,77e84962,Thiago-Alcantara
/en/players/cd1acf9d/Trent-Alexander-Arnold,Right Foot,cd1acf9d,Trent-Alexander-Arnold
/en/players/7a2e46a8/Alisson,Right Foot,7a2e46a8,Alisson
/en/players/cea4ee8f/Dele-Alli,Right Foot,cea4ee8f,Dele-Alli
/en/players/862a1c15/Miguel-Almiron,Left Foot,862a1c15,Miguel-Almiron
/en/players/15ab5a2b/Julian-Alvarez,Right Foot,15ab5a2b,Julian-Alvarez
/en/players/1a4ef233/Daniel-Amartey,Right Foot,1a4ef233,Daniel-Amartey
/en/players/e34fc66d/Joachim-Andersen,Right Foot,e34fc66d,Joachim-Andersen
/en/players/de31038e/Elliot-Anderson,Right Foot,de31038e,Elliot-Anderson
/en/players/e4238fb1/Jaidon-Anthony,Right Foot,e4238fb1,Jaidon-Anthony
/en/players/ac05f970/Michail-Antonio,Right Foot,ac05f970,Michail-Antonio
/en/players/99127249/Antony,Left Foot,99127249,Antony
/en/players/05e8ca6d/Cameron-Archer,No Data,05e8ca6d,Cameron-Archer
/en/players/2f965a72/Alphonse-Areola,Right Foot,2f965a72,Alphonse-Areola
/en/players/328f7d51/Joe-Aribo,Left Foot,328f7d51,Joe-Aribo
/en/players/68c720b5/Adam-Armstrong,Right Foot,68c720b5,Adam-Armstrong
/en/players/97333cf5/Stuart-Armstrong,Right Foot,97333cf5,Stuart-Armstrong
/en/players/28d596a0/Kepa-Arrizabalaga,Right Foot,28d596a0,Kepa-Arrizabalaga
/en/players/d5dd5f1f/Pierre-Emerick-Aubameyang,Right Foot,d5dd5f1f,Pierre-Emerick-Aubameyang
/en/players/9fec8860/Ludwig-Augustinsson,Left Foot,9fec8860,Ludwig-Augustinsson
/en/players/5c2b4f07/Serge-Aurier,Right Foot,5c2b4f07,Serge-Aurier
/en/players/e5478b87/Taiwo-Awoniyi,Right Foot,e5478b87,Taiwo-Awoniyi
/en/players/da052c14/Jordan-Ayew,Right Foot,da052c14,Jordan-Ayew
/en/players/420d7c7d/Luke-Ayling,Right Foot,420d7c7d,Luke-Ayling
/en/players/53cad200/Cesar-Azpilicueta,Right Foot,53cad200,Cesar-Azpilicueta
/en/players/3a233281/Leon-Bailey,Left Foot,3a233281,Leon-Bailey
/en/players/32e8417f/Stefan-Bajcetic,No Data,32e8417f,Stefan-Bajcetic
/en/players/93feac6e/Patrick-Bamford,Left Foot,93feac6e,Patrick-Bamford
/en/players/2886c9b5/Shandon-Baptiste,Right Foot,2886c9b5,Shandon-Baptiste
/en/players/3ea50f67/Harvey-Barnes,Right Foot,3ea50f67,Harvey-Barnes
/en/players/c91441dc/Gavin-Bazunu,Right Foot,c91441dc,Gavin-Bazunu
/en/players/30db8574/Mads-Bech-Sorensen,Left Foot,30db8574,Mads-Bech-Sorensen
/en/players/4115ce4e/Jan-Bednarek,Right Foot,4115ce4e,Jan-Bednarek
/en/players/50dc94ce/Donny-van-de-Beek,Right Foot,50dc94ce,Donny-van-de-Beek
/en/players/7b4de647/Asmir-Begovic,Right Foot,7b4de647,Asmir-Begovic
/en/players/a39d11bc/Armel-Bella-Kotchap,Right Foot,a39d11bc,Armel-Bella-Kotchap
/en/players/5a04fd92/Said-Benrahma,Right Foot,5a04fd92,Said-Benrahma
/en/players/3b8674e6/Rodrigo-Bentancur,Right Foot,3b8674e6,Rodrigo-Bentancur
/en/players/87966294/Owen-Bevan,No Data,87966294,Owen-Bevan
/en/players/de40e38c/Giulian-Biancone,Right Foot,de40e38c,Giulian-Biancone
/en/players/d328a254/Philip-Billing,Left Foot,d328a254,Philip-Billing
/en/players/6c203af0/Yves-Bissouma,Right Foot,6c203af0,Yves-Bissouma
/en/players/a4ac4b8f/Willy-Boly,Right Foot,a4ac4b8f,Willy-Boly
/en/players/ccce7025/Sven-Botman,Left Foot,ccce7025,Sven-Botman
/en/players/79c84d1c/Jarrod-Bowen,Left Foot,79c84d1c,Jarrod-Bowen
/en/players/97220da2/Armando-Broja,Right Foot,97220da2,Armando-Broja
/en/players/7b5ab7f2/Bryan,Left Foot,7b5ab7f2,Bryan
/en/players/66b76d44/Emi-Buendia,Right Foot,66b76d44,Emi-Buendia
/en/players/bfc3b3a0/Hugo-Bueno,Left Foot,bfc3b3a0,Hugo-Bueno
/en/players/b2d31e83/Dan-Burn,Left Foot,b2d31e83,Dan-Burn
/en/players/85322440/Cafu,Right Foot,85322440,Cafu
/en/players/16264a81/Moises-Caicedo,Right Foot,16264a81,Moises-Caicedo
/en/players/a8748947/Tom-Cairney,Left Foot,a8748947,Tom-Cairney
/en/players/94f8d10c/Duje-Caleta-Car,Right Foot,94f8d10c,Duje-Caleta-Car
/en/players/59e6e5bf/Dominic-Calvert-Lewin,Right Foot,59e6e5bf,Dominic-Calvert-Lewin
/en/players/6f711f67/Chem-Campbell,Right Foot,6f711f67,Chem-Campbell
/en/players/bd6351cd/Joao-Cancelo,Right Foot,bd6351cd,Joao-Cancelo
/en/players/4506aec5/Thomas-Cannon,No Data,4506aec5,Thomas-Cannon
/en/players/1137759d/Sergi-Canos,Right Foot,1137759d,Sergi-Canos
/en/players/b4a014b1/Diego-Carlos,Right Foot,b4a014b1,Diego-Carlos
/en/players/966e28d0/Fabio-Carvalho,Right Foot,966e28d0,Fabio-Carvalho
/en/players/4d224fe8/Casemiro,Right Foot,4d224fe8,Casemiro
/en/players/2389cdc2/Matty-Cash,Right Foot,2389cdc2,Matty-Cash
/en/players/197640fd/Timothy-Castagne,Right Foot,197640fd,Timothy-Castagne
/en/players/e28868f3/Jonny-Castro,Right Foot,e28868f3,Jonny-Castro
/en/players/9cfbad36/Julio-Cesar-Enciso,No Data,9cfbad36,Julio-Cesar-Enciso
/en/players/422862ea/Nathaniel-Chalobah,Right Foot,422862ea,Nathaniel-Chalobah
/en/players/5515376c/Trevoh-Chalobah,Right Foot,5515376c,Trevoh-Chalobah
/en/players/dc6f5bdd/Calum-Chambers,Right Foot,dc6f5bdd,Calum-Chambers
/en/players/d2424d1b/Ben-Chilwell,Left Foot,d2424d1b,Ben-Chilwell
/en/players/26ce2263/Ryan-Christie,Left Foot,26ce2263,Ryan-Christie
/en/players/b2f9c73e/Carney-Chukwuemeka,No Data,b2f9c73e,Carney-Chukwuemeka
/en/players/73341ace/Bobby-Clark,No Data,73341ace,Bobby-Clark
/en/players/0442183b/Nathaniel-Clyne,Right Foot,0442183b,Nathaniel-Clyne
/en/players/2928dca2/Conor-Coady,Right Foot,2928dca2,Conor-Coady
/en/players/963a9201/Jack-Colback,Left Foot,963a9201,Jack-Colback
/en/players/0420d84f/Seamus-Coleman,Right Foot,0420d84f,Seamus-Coleman
/en/players/a8c19eb8/Nathan-Collins,Right Foot,a8c19eb8,Nathan-Collins
/en/players/700783e7/Levi-Colwill,No Data,7.01E+12,Levi-Colwill
/en/players/2afc7272/Lewis-Cook,Right Foot,2afc7272,Lewis-Cook
/en/players/3e5e4e63/Steve-Cook,Right Foot,3e5e4e63,Steve-Cook
/en/players/dc64b8b3/Liam-Cooper,Left Foot,dc64b8b3,Liam-Cooper
/en/players/beb391dd/Maxwel-Cornet,Left Foot,beb391dd,Maxwel-Cornet
/en/players/a190d597/Diego-Costa,Right Foot,a190d597,Diego-Costa
/en/players/fdf3cb77/Vladimir-Coufal,Right Foot,fdf3cb77,Vladimir-Coufal
/en/players/0ef89a37/Philippe-Coutinho,Right Foot,0ef89a37,Philippe-Coutinho
/en/players/a5ca9127/Conor-Coventry,Right Foot,a5ca9127,Conor-Coventry
/en/players/4f974391/Aaron-Cresswell,Left Foot,4f974391,Aaron-Cresswell
/en/players/1daec722/Marc-Cucurella,Left Foot,1daec722,Marc-Cucurella
/en/players/ca45605e/Patson-Daka,Right Foot,ca45605e,Patson-Daka
/en/players/d9565625/Diogo-Dalot,Right Foot,d9565625,Diogo-Dalot
/en/players/215f3907/Mikkel-Damsgaard,Right Foot,215f3907,Mikkel-Damsgaard
/en/players/60344e4f/Josh-Dasilva,Left Foot,60344e4f,Josh-Dasilva
/en/players/44781702/Ben-Davies,Left Foot,44781702,Ben-Davies
/en/players/9228b07c/Tom-Davies,Right Foot,9228b07c,Tom-Davies
/en/players/3e9e06cb/Craig-Dawson,Right Foot,3e9e06cb,Craig-Dawson
/en/players/e46012d4/Kevin-De-Bruyne,Right Foot,e46012d4,Kevin-De-Bruyne
/en/players/11f54bd5/Siriki-Dembele,No Data,11f54bd5,Siriki-Dembele
/en/players/5a7301ae/Leander-Dendoncker,Right Foot,5a7301ae,Leander-Dendoncker
/en/players/2c44a35d/Emmanuel-Dennis,Right Foot,2c44a35d,Emmanuel-Dennis
/en/players/9d8cf204/Halil-Dervisoglu,Right Foot,9d8cf204,Halil-Dervisoglu
/en/players/5c74c0f5/Kiernan-Dewsbury-Hall,Left Foot,5c74c0f5,Kiernan-Dewsbury-Hall
/en/players/11ff3d56/Ibrahima-Diallo,Right Foot,11ff3d56,Ibrahima-Diallo
/en/players/31c69ef1/Ruben-Dias,Right Foot,31c69ef1,Ruben-Dias
/en/players/4a1a9578/Luis-Diaz,Right Foot,4a1a9578,Luis-Diaz
/en/players/ac861941/Eric-Dier,Right Foot,ac861941,Eric-Dier
/en/players/1b84dbe1/Lucas-Digne,Left Foot,1b84dbe1,Lucas-Digne
/en/players/a712ca2b/Issa-Diop,Right Foot,a712ca2b,Issa-Diop
/en/players/254147d4/Moussa-Djenepo,Right Foot,254147d4,Moussa-Djenepo
/en/players/d557d734/Matt-Doherty,Right Foot,d557d734,Matt-Doherty
/en/players/67ac5bb8/Gabriel-Dos-Santos,Left Foot,67ac5bb8,Gabriel-Dos-Santos
/en/players/02b29014/Abdoulaye-Doucoure,Right Foot,02b29014,Abdoulaye-Doucoure
/en/players/ce4f40c7/Cheick-Doucoure,Right Foot,ce4f40c7,Cheick-Doucoure
/en/players/69fdb896/Flynn-Downes,Right Foot,69fdb896,Flynn-Downes
/en/players/e0d1510a/Cody-Drameh,Right Foot,e0d1510a,Cody-Drameh
/en/players/7314bba4/Shane-Duffy,Right Foot,7314bba4,Shane-Duffy
/en/players/282f75f3/Lewis-Dunk,Right Foot,282f75f3,Lewis-Dunk
/en/players/fa9fa773/Malcolm-Ebiowei,No Data,fa9fa773,Malcolm-Ebiowei
/en/players/3bb7b8b4/Ederson,Left Foot,3bb7b8b4,Ederson
/en/players/0562b7f1/Odsonne-Edouard,Right Foot,0562b7f1,Odsonne-Edouard
/en/players/007414dd/Samuel-Edozie,No Data,007414dd,Samuel-Edozie
/en/players/2fba6108/Anthony-Elanga,Right Foot,2fba6108,Anthony-Elanga
/en/players/c8387671/Harvey-Elliott,Left Foot,c8387671,Harvey-Elliott
/en/players/47a34c4f/Mohamed-Elneny,Right Foot,47a34c4f,Mohamed-Elneny
/en/players/68dc0dac/Mohamed-Elyounoussi,Right Foot,68dc0dac,Mohamed-Elyounoussi
/en/players/df8b52a5/Emerson,Right Foot,df8b52a5,Emerson
/en/players/980522ec/Christian-Eriksen,Right Foot,980522ec,Christian-Eriksen
/en/players/d38fdf53/Pervis-Estupinan,Left Foot,d38fdf53,Pervis-Estupinan
/en/players/f8fcd2a5/Jonny-Evans,Right Foot,f8fcd2a5,Jonny-Evans
/en/players/ae4fc6a4/Eberechi-Eze,Right Foot,ae4fc6a4,Eberechi-Eze
/en/players/9328b835/Lukasz-Fabianski,Right Foot,9328b835,Lukasz-Fabianski
/en/players/7f3b388c/Fabinho,Right Foot,7f3b388c,Fabinho
/en/players/9c221d14/Wout-Faes,Right Foot,9c221d14,Wout-Faes
/en/players/507c7bdf/Bruno-Fernandes,Right Foot,507c7bdf,Bruno-Fernandes
/en/players/6ad43f9a/Mateo-Fernandez,No Data,6ad43f9a,Mateo-Fernandez
/en/players/4c370d81/Roberto-Firmino,Right Foot,4c370d81,Roberto-Firmino
/en/players/24f59bb2/Junior-Firpo,Left Foot,24f59bb2,Junior-Firpo
/en/players/ed1e53f3/Phil-Foden,Left Foot,ed1e53f3,Phil-Foden
/en/players/132a82f1/Wesley-Fofana,Right Foot,132a82f1,Wesley-Fofana
/en/players/82927de4/Pablo-Fornals,Right Foot,82927de4,Pablo-Fornals
/en/players/9f1938ab/Adam-Forshaw,Right Foot,9f1938ab,Adam-Forshaw
/en/players/6722d4f0/Tyrese-Francois,Right Foot,6722d4f0,Tyrese-Francois
/en/players/d56543a0/Ryan-Fraser,Right Foot,d56543a0,Ryan-Fraser
/en/players/b853e0ad/Fred,Left Foot,b853e0ad,Fred
/en/players/c067631c/Ryan-Fredericks,Right Foot,c067631c,Ryan-Fredericks
/en/players/98d2c2c4/Remo-Freuler,Right Foot,98d2c2c4,Remo-Freuler
/en/players/c2731c10/Conor-Gallagher,Right Foot,c2731c10,Conor-Gallagher
/en/players/72c812f3/Idrissa-Gana-Gueye,Right Foot,72c812f3,Idrissa-Gana-Gueye
/en/players/7aa8adfe/Alejandro-Garnacho,No Data,7aa8adfe,Alejandro-Garnacho
/en/players/4e015693/James-Garner,Right Foot,4e015693,James-Garner
/en/players/7ba6d84e/David-de-Gea,Right Foot,7ba6d84e,David-de-Gea
/en/players/01962d0d/Joe-Gelhardt,Right Foot,01962d0d,Joe-Gelhardt
/en/players/f7b1d4e0/Saman-Ghoddos,Right Foot,f7b1d4e0,Saman-Ghoddos
/en/players/32f60ed8/Morgan-Gibbs-White,Right Foot,32f60ed8,Morgan-Gibbs-White
/en/players/df10e27c/Billy-Gilmour,Right Foot,df10e27c,Billy-Gilmour
/en/players/75fdd638/Degnand-Gnonto,No Data,75fdd638,Degnand-Gnonto
/en/players/9f7c837d/Ben-Godfrey,Right Foot,9f7c837d,Ben-Godfrey
/en/players/f0caab96/Toti-Gomes,Left Foot,f0caab96,Toti-Gomes
/en/players/7a11550b/Joe-Gomez,Right Foot,7a11550b,Joe-Gomez
/en/players/01e5f06e/Sergio-Gomez,Left Foot,01e5f06e,Sergio-Gomez
/en/players/2bd83368/Anthony-Gordon,Right Foot,2bd83368,Anthony-Gordon
/en/players/4468ec10/Demarai-Gray,Right Foot,4468ec10,Demarai-Gray
/en/players/b0b4fd3e/Jack-Grealish,Right Foot,b0b4fd3e,Jack-Grealish
/en/players/f3354c07/Sam-Greenwood,Both,f3354c07,Sam-Greenwood
/en/players/8aec0537/Pascal-Gross,Right Foot,8aec0537,Pascal-Gross
/en/players/ab13a5aa/Vicente-Guaita,Right Foot,ab13a5aa,Vicente-Guaita
/en/players/e6bc67d7/Goncalo-Guedes,Right Foot,e6bc67d7,Goncalo-Guedes
/en/players/d0706b27/Marc-Guehi,Right Foot,d0706b27,Marc-Guehi
/en/players/82518f62/Bruno-Guimaraes,Right Foot,82518f62,Bruno-Guimaraes
/en/players/819b3158/Ilkay-Gundogan,Right Foot,819b3158,Ilkay-Gundogan
/en/players/1f44ac21/Erling-Haaland,Left Foot,1f44ac21,Erling-Haaland
/en/players/da011f18/Lewis-Hall,No Data,da011f18,Lewis-Hall
/en/players/8c3078cd/Luke-Harris,No Data,8c3078cd,Luke-Harris
/en/players/aa849a12/Jack-Harrison,Left Foot,aa849a12,Jack-Harrison
/en/players/fed7cb61/Kai-Havertz,Left Foot,fed7cb61,Kai-Havertz
/en/players/4fd08daa/Jan-Paul-van-Hecke,Right Foot,4fd08daa,Jan-Paul-van-Hecke
/en/players/169fd162/Hwang-Hee-chan,Right Foot,169fd162,Hwang-Hee-chan
/en/players/e5a76dfe/Dean-Henderson,Right Foot,e5a76dfe,Dean-Henderson
/en/players/935e6b8f/Jordan-Henderson,Right Foot,935e6b8f,Jordan-Henderson
/en/players/8a3c1dc7/Rico-Henry,Left Foot,8a3c1dc7,Rico-Henry
/en/players/92e7e919/Son-Heung-min,Right Foot,92e7e919,Son-Heung-min
/en/players/1780bb4a/Aaron-Hickey,Both,1780bb4a,Aaron-Hickey
/en/players/bd8a5d95/Joseph-Hodge,No Data,bd8a5d95,Joseph-Hodge
/en/players/d79a8c87/Rob-Holding,Right Foot,d79a8c87,Rob-Holding
/en/players/d0042ab9/Mason-Holgate,Right Foot,d0042ab9,Mason-Holgate
/en/players/a0666d3e/Will-Hughes,Left Foot,a0666d3e,Will-Hughes
/en/players/8b04d6c1/Pierre-Hojbjerg,Right Foot,8b04d6c1,Pierre-Hojbjerg
/en/players/c92e1a31/Kelechi-Iheanacho,Left Foot,c92e1a31,Kelechi-Iheanacho
/en/players/07802f7f/Danny-Ings,Right Foot,07802f7f,Danny-Ings
/en/players/8e92be30/Alexander-Isak,Right Foot,8e92be30,Alexander-Isak
/en/players/6ca5ec4b/Alex-Iwobi,Right Foot,6ca5ec4b,Alex-Iwobi
/en/players/c931d9f9/Daniel-James,Right Foot,c931d9f9,Daniel-James
/en/players/1265a93a/Reece-James,Right Foot,1265a93a,Reece-James
/en/players/8449d35e/Vitaly-Janelt,Left Foot,8449d35e,Vitaly-Janelt
/en/players/172e52d8/Pontus-Jansson,Right Foot,172e52d8,Pontus-Jansson
/en/players/0f134faf/Mathias-Jensen,Right Foot,0f134faf,Mathias-Jensen
/en/players/b66315ae/Gabriel-Jesus,Right Foot,b66315ae,Gabriel-Jesus
/en/players/b561db50/Raul-Jimenez,Right Foot,b561db50,Raul-Jimenez
/en/players/c17bfb65/Joelinton,Right Foot,c17bfb65,Joelinton
/en/players/9319781b/Ben-Johnson,Right Foot,9319781b,Ben-Johnson
/en/players/0cd31129/Brennan-Johnson,Right Foot,0cd31129,Brennan-Johnson
/en/players/4fb9c88f/Curtis-Jones,Right Foot,4fb9c88f,Curtis-Jones
/en/players/45db685d/Jorginho,Right Foot,45db685d,Jorginho
/en/players/178ae8f8/Diogo-Jota,Right Foot,178ae8f8,Diogo-Jota
/en/players/fb614c44/James-Justin,Right Foot,fb614c44,James-Justin
/en/players/0db5d2c8/Mathias-Jorgensen,Right Foot,0db5d2c8,Mathias-Jorgensen
/en/players/15f24fe7/Sasa-Kalajdzic,Right Foot,15f24fe7,Sasa-Kalajdzic
/en/players/cc77354e/Boubacar-Kamara,Right Foot,cc77354e,Boubacar-Kamara
/en/players/21a66f6a/Harry-Kane,Right Foot,21a66f6a,Harry-Kane
/en/players/b9fbae28/NGolo-Kante,Right Foot,b9fbae28,NGolo-Kante
/en/players/c5b7c315/Michael-Keane,Right Foot,c5b7c315,Michael-Keane
/en/players/18b999f4/Neeskens-Kebano,Right Foot,18b999f4,Neeskens-Kebano
/en/players/51dbeea9/Thilo-Kehrer,Right Foot,51dbeea9,Thilo-Kehrer
/en/players/f31def1e/Lloyd-Kelly,Left Foot,f31def1e,Lloyd-Kelly
/en/players/d0f72bf1/Max-Kilman,Left Foot,d0f72bf1,Max-Kilman
/en/players/282679b4/Mateusz-Klich,Right Foot,282679b4,Mateusz-Klich
/en/players/ea6bc03a/Robin-Koch,Right Foot,ea6bc03a,Robin-Koch
/en/players/5ed9b537/Ibrahima-Konate,Right Foot,5ed9b537,Ibrahima-Konate
/en/players/0313a347/Ezri-Konsa,Right Foot,0313a347,Ezri-Konsa
/en/players/da974c7b/Kalidou-Koulibaly,Right Foot,da974c7b,Kalidou-Koulibaly
/en/players/8d3c902d/Cheikhou-Kouyate,Right Foot,8d3c902d,Cheikhou-Kouyate
/en/players/79c0821a/Mateo-Kovacic,Right Foot,79c0821a,Mateo-Kovacic
/en/players/77cf6852/Emil-Krafth,Right Foot,77cf6852,Emil-Krafth
/en/players/df3cda47/Dejan-Kulusevski,Left Foot,df3cda47,Dejan-Kulusevski
/en/players/41e7ef1c/Layvin-Kurzawa,Left Foot,41e7ef1c,Layvin-Kurzawa
/en/players/99813635/Adam-Lallana,Right Foot,99813635,Adam-Lallana
/en/players/f4e433d4/Tariq-Lamptey,Right Foot,f4e433d4,Tariq-Lamptey
/en/players/26f6dca8/Manuel-Lanzini,Right Foot,26f6dca8,Manuel-Lanzini
/en/players/119b9a8e/Aymeric-Laporte,Left Foot,119b9a8e,Aymeric-Laporte
/en/players/cf7fb13a/Juan-Larios,No Data,cf7fb13a,Juan-Larios
/en/players/450ab6fc/Jamaal-Lascelles,Right Foot,450ab6fc,Jamaal-Lascelles
/en/players/ecad9aa5/Romeo-Lavia,Right Foot,ecad9aa5,Romeo-Lavia
/en/players/0bdda685/Dexter-Lembikisa,No Data,0bdda685,Dexter-Lembikisa
/en/players/4f28a6ff/Clement-Lenglet,Left Foot,4f28a6ff,Clement-Lenglet
/en/players/2628fd2b/Bernd-Leno,Right Foot,2628fd2b,Bernd-Leno
/en/players/9b5ce51a/Jefferson-Lerma,Right Foot,9b5ce51a,Jefferson-Lerma
/en/players/efb9215a/Jamal-Lewis,Left Foot,efb9215a,Jamal-Lewis
/en/players/b57e066e/Rico-Lewis,No Data,b57e066e,Rico-Lewis
/en/players/41f08ac8/Keane-Lewis-Potter,Right Foot,41f08ac8,Keane-Lewis-Potter
/en/players/f5deef4c/Victor-Lindelof,Right Foot,f5deef4c,Victor-Lindelof
/en/players/810e3c74/Jesse-Lingard,Right Foot,810e3c74,Jesse-Lingard
/en/players/bba30585/Diego-Llorente,Right Foot,bba30585,Diego-Llorente
/en/players/8f62b6ee/Hugo-Lloris,Left Foot,8f62b6ee,Hugo-Lloris
/en/players/ed9f7cfe/Renan-Lodi,Left Foot,ed9f7cfe,Renan-Lodi
/en/players/e97fd090/Ruben-Loftus-Cheek,Right Foot,e97fd090,Ruben-Loftus-Cheek
/en/players/a2b105e0/Sean-Longstaff,Right Foot,a2b105e0,Sean-Longstaff
/en/players/b2856bc0/Jamal-Lowe,Right Foot,b2856bc0,Jamal-Lowe
/en/players/6f7d826d/Douglas-Luiz,Right Foot,6f7d826d,Douglas-Luiz
/en/players/b5bf1770/Lyanco,Right Foot,b5bf1770,Lyanco
/en/players/83d074ff/Alexis-Mac-Allister,Right Foot,83d074ff,Alexis-Mac-Allister
/en/players/ee38d9c5/James-Maddison,Right Foot,ee38d9c5,James-Maddison
/en/players/d8931174/Harry-Maguire,Right Foot,d8931174,Harry-Maguire
/en/players/892d5bb1/Riyad-Mahrez,Left Foot,892d5bb1,Riyad-Mahrez
/en/players/e3a5814e/Ainsley-Maitland-Niles,Right Foot,e3a5814e,Ainsley-Maitland-Niles
/en/players/6b6c793c/Tyrell-Malacia,Left Foot,6b6c793c,Tyrell-Malacia
/en/players/a572e291/Orel-Mangala,Right Foot,a572e291,Orel-Mangala
/en/players/758dd7f0/Javier-Manquillo,Right Foot,758dd7f0,Javier-Manquillo
/en/players/3544641e/Sekou-Mara,Right Foot,3544641e,Sekou-Mara
/en/players/bb5fbd2b/Solly-March,Left Foot,bb5fbd2b,Solly-March
/en/players/4d960fc3/Emiliano-Marcondes,Right Foot,4d960fc3,Emiliano-Marcondes
/en/players/59878425/Marquinhos,Left Foot,59878425,Marquinhos
/en/players/8b788c01/Anthony-Martial,Right Foot,8b788c01,Anthony-Martial
/en/players/48a5a5d6/Martinelli,Right Foot,48a5a5d6,Martinelli
/en/players/7956236f/Emiliano-Martinez,Right Foot,7956236f,Emiliano-Martinez
/en/players/bac46a10/Lisandro-Martinez,Left Foot,bac46a10,Lisandro-Martinez
/en/players/50e6dc35/Jean-Philippe-Mateta,Right Foot,50e6dc35,Jean-Philippe-Mateta
/en/players/b217ef29/Joel-Matip,Right Foot,b217ef29,Joel-Matip
/en/players/4bcf39f6/Neal-Maupay,Right Foot,4bcf39f6,Neal-Maupay
/en/players/493924a7/Kevin-Mbabu,Right Foot,493924a7,Kevin-Mbabu
/en/players/6afaebf2/Bryan-Mbeumo,Left Foot,6afaebf2,Bryan-Mbeumo
/en/players/90f91999/John-McGinn,Left Foot,90f91999,John-McGinn
/en/players/4e5a4cbc/Scott-McKenna,Left Foot,4e5a4cbc,Scott-McKenna
/en/players/fc15fb84/Dwight-McNeil,Left Foot,fc15fb84,Dwight-McNeil
/en/players/d93c2511/Scott-McTominay,Right Foot,d93c2511,Scott-McTominay
/en/players/8df7a2fb/Ben-Mee,Left Foot,8df7a2fb,Ben-Mee
/en/players/33887998/Edouard-Mendy,Right Foot,33887998,Edouard-Mendy
/en/players/1598599e/Nampalys-Mendy,Right Foot,1598599e,Nampalys-Mendy
/en/players/fed96827/Chris-Mepham,Right Foot,fed96827,Chris-Mepham
/en/players/6b625ac2/Illan-Meslier,Left Foot,6b625ac2,Illan-Meslier
/en/players/10ec4169/Alexander-Mighten,No Data,10ec4169,Alexander-Mighten
/en/players/2ce2508a/Luka-Milivojevic,Right Foot,2ce2508a,Luka-Milivojevic
/en/players/2f90f6b8/James-Milner,Right Foot,2f90f6b8,James-Milner
/en/players/6d5701f2/Yerry-Mina,Right Foot,6d5701f2,Yerry-Mina
/en/players/8397a50c/Tyrone-Mings,Left Foot,8397a50c,Tyrone-Mings
/en/players/5cbd1eb0/Tyrick-Mitchell,Left Foot,5cbd1eb0,Tyrick-Mitchell
/en/players/74618572/Kaoru-Mitoma,No Data,74618572,Kaoru-Mitoma
/en/players/3925dbd6/Aleksandar-Mitrovic,Right Foot,3925dbd6,Aleksandar-Mitrovic
/en/players/01ce9e70/Kieffer-Moore,Right Foot,01ce9e70,Kieffer-Moore
/en/players/9674002f/Mason-Mount,Right Foot,9674002f,Mason-Mount
/en/players/2b622f01/Lucas-Moura,Right Foot,2b622f01,Lucas-Moura
/en/players/f5a00fa4/Joao-Moutinho,Right Foot,f5a00fa4,Joao-Moutinho
/en/players/de112b84/Jacob-Murphy,Right Foot,de112b84,Jacob-Murphy
/en/players/1d5cab82/Enock-Mwepu,Right Foot,1d5cab82,Enock-Mwepu
/en/players/30d4a2e5/Vitaliy-Mykolenko,Left Foot,30d4a2e5,Vitaliy-Mykolenko
/en/players/6b47c5db/Wilfred-Ndidi,Right Foot,6b47c5db,Wilfred-Ndidi
/en/players/c5bdb6e3/Reiss-Nelson,Right Foot,c5bdb6e3,Reiss-Nelson
/en/players/a9dc785c/Neto,Right Foot,a9dc785c,Neto
/en/players/7ba2eaa9/Pedro-Neto,Left Foot,7ba2eaa9,Pedro-Neto
/en/players/44bfb6c5/Ruben-Neves,Right Foot,44bfb6c5,Ruben-Neves
/en/players/00242715/Moussa-Niakhate,Left Foot,242715,Moussa-Niakhate
/en/players/39769cff/Rasmus-Nissen,Right Foot,39769cff,Rasmus-Nissen
/en/players/a53649b7/Eddie-Nketiah,Right Foot,a53649b7,Eddie-Nketiah
/en/players/e6af02e0/Matheus-Nunes,Right Foot,e6af02e0,Matheus-Nunes
/en/players/4d77b365/Darwin-Nunez,Right Foot,4d77b365,Darwin-Nunez
/en/players/7f94982c/Ethan-Nwaneri,No Data,7f94982c,Ethan-Nwaneri
/en/players/df0a4c90/Christian-Norgaard,Right Foot,df0a4c90,Christian-Norgaard
/en/players/089667a5/Lewis-OBrien,Left Foot,089667a5,Lewis-OBrien
/en/players/74b2cd7e/Angelo-Ogbonna,Left Foot,74b2cd7e,Angelo-Ogbonna
/en/players/c4486bac/Michael-Olise,Left Foot,c4486bac,Michael-Olise
/en/players/e7ee38c3/Robin-Olsen,Right Foot,e7ee38c3,Robin-Olsen
/en/players/828657ff/Amadou-Onana,Right Foot,828657ff,Amadou-Onana
/en/players/6612cd8c/Josh-Onomah,Right Foot,6612cd8c,Josh-Onomah
/en/players/2944f86f/Frank-Onyeka,Right Foot,2944f86f,Frank-Onyeka
/en/players/38c7feef/Alex-Oxlade-Chamberlain,Right Foot,38c7feef,Alex-Oxlade-Chamberlain
/en/players/a78ff07f/Joao-Palhinha,Right Foot,a78ff07f,Joao-Palhinha
/en/players/dc7f8a28/Cole-Palmer,Left Foot,dc7f8a28,Cole-Palmer
/en/players/e0bc6fdc/Emerson-Palmieri,Left Foot,e0bc6fdc,Emerson-Palmieri
/en/players/9b6f7fd5/Lucas-Paqueta,Left Foot,9b6f7fd5,Lucas-Paqueta
/en/players/529f49ab/Thomas-Partey,Right Foot,529f49ab,Thomas-Partey
/en/players/230f0471/Nathan-Patterson,Right Foot,230f0471,Nathan-Patterson
/en/players/a6b461e7/Ben-Pearson,Right Foot,a6b461e7,Ben-Pearson
/en/players/6639e500/Andreas-Pereira,Right Foot,6639e500,Andreas-Pereira
/en/players/819aa8e7/Ayoze-Perez,Right Foot,819aa8e7,Ayoze-Perez
/en/players/6fe90922/Ivan-Perisic,Both,6fe90922,Ivan-Perisic
/en/players/6dfd8f05/Romain-Perraud,Left Foot,6dfd8f05,Romain-Perraud
/en/players/4f565d77/Kalvin-Phillips,Right Foot,4f565d77,Kalvin-Phillips
/en/players/515ebe8d/Nathaniel-Phillips,Right Foot,515ebe8d,Nathaniel-Phillips
/en/players/4806ec67/Jordan-Pickford,Left Foot,4806ec67,Jordan-Pickford
/en/players/e541326e/Ethan-Pinnock,Left Foot,e541326e,Ethan-Pinnock
/en/players/7fcc71d8/Daniel-Podence,Right Foot,7fcc71d8,Daniel-Podence
/en/players/4b40d9ca/Nick-Pope,Right Foot,4b40d9ca,Nick-Pope
/en/players/86695068/Dennis-Praet,Right Foot,86695068,Dennis-Praet
/en/players/1bf33a9a/Christian-Pulisic,Right Foot,1bf33a9a,Christian-Pulisic
/en/players/466fb2c5/Aaron-Ramsdale,Right Foot,466fb2c5,Aaron-Ramsdale
/en/players/1544f145/Jacob-Ramsey,Right Foot,1544f145,Jacob-Ramsey
/en/players/a1d5bd30/Marcus-Rashford,Right Foot,a1d5bd30,Marcus-Rashford
/en/players/98ea5115/David-Raya,Right Foot,98ea5115,David-Raya
/en/players/28b40c9c/Tim-Ream,Left Foot,28b40c9c,Tim-Ream
/en/players/ab651565/Nathan-Redmond,Right Foot,ab651565,Nathan-Redmond
/en/players/803ae100/Harrison-Reed,Right Foot,803ae100,Harrison-Reed
/en/players/0f7533cd/Bobby-Reid,Right Foot,0f7533cd,Bobby-Reid
/en/players/1c7012b8/Declan-Rice,Right Foot,1c7012b8,Declan-Rice
/en/players/0a3d6d2b/Chris-Richards,Right Foot,0a3d6d2b,Chris-Richards
/en/players/fa031b34/Richarlison,Right Foot,fa031b34,Richarlison
/en/players/7a1f2c08/Jairo-Riedewald,Left Foot,7a1f2c08,Jairo-Riedewald
/en/players/71ef519e/Matt-Ritchie,Left Foot,71ef519e,Matt-Ritchie
/en/players/2e4f5f03/Andrew-Robertson,Left Foot,2e4f5f03,Andrew-Robertson
/en/players/289601e6/Antonee-Robinson,Left Foot,2.90E+11,Antonee-Robinson
/en/players/da27e268/Marc-Roca,Left Foot,da27e268,Marc-Roca
/en/players/17acc2ed/Marek-Rodak,Right Foot,17acc2ed,Marek-Rodak
/en/players/6434f10d/Rodri,Right Foot,6434f10d,Rodri
/en/players/1fb1c435/Rodrigo,Left Foot,1fb1c435,Rodrigo
/en/players/57c94db2/Mads-Roerslev,Right Foot,57c94db2,Mads-Roerslev
/en/players/a3d94a58/Cristian-Romero,Right Foot,a3d94a58,Cristian-Romero
/en/players/4b511457/Oriol-Romeu,Right Foot,4b511457,Oriol-Romeu
/en/players/dea698d9/Cristiano-Ronaldo,Right Foot,dea698d9,Cristiano-Ronaldo
/en/players/1b804500/Connor-Ronan,Right Foot,1b804500,Connor-Ronan
/en/players/b318a643/Salomon-Rondon,Right Foot,b318a643,Salomon-Rondon
/en/players/10a10454/Joe-Rothwell,Right Foot,10a10454,Joe-Rothwell
/en/players/903b6e8b/Jose-Sa,Right Foot,903b6e8b,Jose-Sa
/en/players/2b16cb1a/Allan-Saint-Maximin,Right Foot,2b16cb1a,Allan-Saint-Maximin
/en/players/bc7dc64d/Bukayo-Saka,Left Foot,bc7dc64d,Bukayo-Saka
/en/players/e342ad68/Mohamed-Salah,Left Foot,e342ad68,Mohamed-Salah
/en/players/972aeb2a/William-Saliba,Right Foot,972aeb2a,William-Saliba
/en/players/0b33f6ad/Mohammed-Salisu,Left Foot,0b33f6ad,Mohammed-Salisu
/en/players/1b4f1169/Albert-Sambi-Lokonga,Right Foot,1b4f1169,Albert-Sambi-Lokonga
/en/players/da7b447d/Davinson-Sanchez,Right Foot,da7b447d,Davinson-Sanchez
/en/players/6a713852/Robert-Sanchez,Right Foot,6a713852,Robert-Sanchez
/en/players/dbf053da/Jadon-Sancho,Right Foot,dbf053da,Jadon-Sancho
/en/players/6e7f1353/Morgan-Sanson,Right Foot,6e7f1353,Morgan-Sanson
/en/players/ac0d576d/Jeremy-Sarmiento,Right Foot,ac0d576d,Jeremy-Sarmiento
/en/players/8790f988/Gianluca-Scamacca,Right Foot,8790f988,Gianluca-Scamacca
/en/players/c8aa95da/Fabian-Schar,Right Foot,c8aa95da,Fabian-Schar
/en/players/3312f911/Jeffrey-Schlupp,Left Foot,3312f911,Jeffrey-Schlupp
/en/players/d04b94db/Nelson-Semedo,Right Foot,d04b94db,Nelson-Semedo
/en/players/35141f4c/Marcos-Senesi,Left Foot,35141f4c,Marcos-Senesi
/en/players/6aa3e78b/Ryan-Sessegnon,Left Foot,6aa3e78b,Ryan-Sessegnon
/en/players/9c94165b/Luke-Shaw,Left Foot,9c94165b,Luke-Shaw
/en/players/3727dd3c/Jonjo-Shelvey,Right Foot,3727dd3c,Jonjo-Shelvey
/en/players/3eb22ec9/Bernardo-Silva,Left Foot,3eb22ec9,Bernardo-Silva
/en/players/86e7deaf/Thiago-Silva,Right Foot,86e7deaf,Thiago-Silva
/en/players/8e16dd48/Luis-Sinisterra,Right Foot,8e16dd48,Luis-Sinisterra
/en/players/6250083a/Oliver-Skipp,Right Foot,6250083a,Oliver-Skipp
/en/players/20b104bc/Adam-Smith,Right Foot,20b104bc,Adam-Smith
/en/players/17695062/Emile-Smith-Rowe,Right Foot,17695062,Emile-Smith-Rowe
/en/players/839c14e1/Cedric-Soares,Right Foot,839c14e1,Cedric-Soares
/en/players/e77dc3b2/Dominic-Solanke,Right Foot,e77dc3b2,Dominic-Solanke
/en/players/886f9aac/Manor-Solomon,Right Foot,886f9aac,Manor-Solomon
/en/players/6613c819/Tomas-Soucek,Right Foot,6613c819,Tomas-Soucek
/en/players/ae59b359/Boubakary-Soumare,Right Foot,ae59b359,Boubakary-Soumare
/en/players/21166ff4/Caglar-Soyuncu,Right Foot,21166ff4,Caglar-Soyuncu
/en/players/9bc9a519/Djed-Spence,Right Foot,9bc9a519,Djed-Spence
/en/players/558807c0/Jack-Stacey,Right Foot,558807c0,Jack-Stacey
/en/players/6992791d/Junior-Stanislas,Right Foot,6992791d,Junior-Stanislas
/en/players/b2626673/Jay-Stansfield,Right Foot,b2626673,Jay-Stansfield
/en/players/6adbc307/Jack-Stephens,Right Foot,6adbc307,Jack-Stephens
/en/players/b400bde0/Raheem-Sterling,Right Foot,b400bde0,Raheem-Sterling
/en/players/5eecec3d/John-Stones,Right Foot,5eecec3d,John-Stones
/en/players/f4d296e4/Pascal-Struijk,Left Foot,f4d296e4,Pascal-Struijk
/en/players/df04eb4b/Crysencio-Summerville,Right Foot,df04eb4b,Crysencio-Summerville
/en/players/b017b770/Sam-Surridge,Right Foot,b017b770,Sam-Surridge
/en/players/e514ab62/Matt-Targett,Left Foot,e514ab62,Matt-Targett
/en/players/15ea812b/James-Tarkowski,Right Foot,15ea812b,James-Tarkowski
/en/players/5c0da4a4/Marcus-Tavernier,Left Foot,5c0da4a4,Marcus-Tavernier
/en/players/77d7c96f/Kenny-Tete,Right Foot,77d7c96f,Kenny-Tete
/en/players/fc027d02/Luke-Thomas,Left Foot,fc027d02,Luke-Thomas
/en/players/56f7a928/Youri-Tielemans,Right Foot,56f7a928,Youri-Tielemans
/en/players/fce2302c/Kieran-Tierney,Left Foot,fce2302c,Kieran-Tierney
/en/players/a105d46a/Harry-Toffolo,Left Foot,a105d46a,Harry-Toffolo
/en/players/b3af9be1/Takehiro-Tomiyasu,Right Foot,b3af9be1,Takehiro-Tomiyasu
/en/players/e7ca0439/James-Tomkins,Right Foot,e7ca0439,James-Tomkins
/en/players/e09f279b/Ivan-Toney,Right Foot,e09f279b,Ivan-Toney
/en/players/9a28eba4/Adama-Traore,Right Foot,9a28eba4,Adama-Traore
/en/players/999ceb5f/Boubacar-Traore,Right Foot,999ceb5f,Boubacar-Traore
/en/players/fe558029/Mark-Travers,Right Foot,fe558029,Mark-Travers
/en/players/21512407/Kieran-Trippier,Right Foot,21512407,Kieran-Trippier
/en/players/38ceb24a/Leandro-Trossard,Right Foot,38ceb24a,Leandro-Trossard
/en/players/f315ca93/Kostas-Tsimikas,Left Foot,f315ca93,Kostas-Tsimikas
/en/players/dd549382/Deniz-Undav,Both,dd549382,Deniz-Undav
/en/players/531a4aa8/Yan-Valery,Right Foot,531a4aa8,Yan-Valery
/en/players/e06683ca/Virgil-van-Dijk,Right Foot,e06683ca,Virgil-van-Dijk
/en/players/9f8e9423/Raphael-Varane,Both,9f8e9423,Raphael-Varane
/en/players/45963054/Jamie-Vardy,Right Foot,45963054,Jamie-Vardy
/en/players/dad4b285/Joel-Veltman,Right Foot,dad4b285,Joel-Veltman
/en/players/6412cc03/Fabio-Vieira,Left Foot,6412cc03,Fabio-Vieira
/en/players/b937e490/Ruben-Vinagre,Left Foot,b937e490,Ruben-Vinagre
/en/players/8b529245/Carlos-Vinicius,Left Foot,8b529245,Carlos-Vinicius
/en/players/1ecb65be/Theo-Walcott,Right Foot,1ecb65be,Theo-Walcott
/en/players/86dd77d1/Kyle-Walker,Right Foot,86dd77d1,Kyle-Walker
/en/players/984a5a64/Kyle-Walker-Peters,Right Foot,984a5a64,Kyle-Walker-Peters
/en/players/9e525177/Aaron-Wan-Bissaka,Right Foot,9e525177,Aaron-Wan-Bissaka
/en/players/d3ce0e89/Danny-Ward,Right Foot,d3ce0e89,Danny-Ward
/en/players/8a7ff278/Joel-Ward,Right Foot,8a7ff278,Joel-Ward
/en/players/3515d404/James-Ward-Prowse,Right Foot,3515d404,James-Ward-Prowse
/en/players/aed3a70f/Ollie-Watkins,Right Foot,aed3a70f,Ollie-Watkins
/en/players/c40b6180/Adam-Webster,Right Foot,c40b6180,Adam-Webster
/en/players/ce5143da/Danny-Welbeck,Right Foot,ce5143da,Danny-Welbeck
/en/players/35e413f1/Ben-White,Right Foot,35e413f1,Ben-White
/en/players/dd323728/Neco-Williams,Right Foot,dd323728,Neco-Williams
/en/players/8b9ebd03/Willian,Right Foot,8b9ebd03,Willian
/en/players/a3b03921/Joe-Willock,Right Foot,a3b03921,Joe-Willock
/en/players/c596fcb0/Callum-Wilson,Right Foot,c596fcb0,Callum-Wilson
/en/players/c6dc9ecd/Harry-Wilson,Left Foot,c6dc9ecd,Harry-Wilson
/en/players/2500cef9/Yoane-Wissa,Right Foot,2500cef9,Yoane-Wissa
/en/players/4e9a0555/Chris-Wood,Right Foot,4e9a0555,Chris-Wood
/en/players/a5212312/Joe-Worrall,Right Foot,a5212312,Joe-Worrall
/en/players/e61b8aee/Granit-Xhaka,Left Foot,e61b8aee,Granit-Xhaka
/en/players/c1fe2a48/Ryan-Yates,Right Foot,c1fe2a48,Ryan-Yates
/en/players/be927d03/Ashley-Young,Right Foot,be927d03,Ashley-Young
/en/players/b2bc3b1f/Wilfried-Zaha,Right Foot,b2bc3b1f,Wilfried-Zaha
/en/players/e8271ad9/Jordan-Zemura,No Data,e8271ad9,Jordan-Zemura
/en/players/51cf8561/Oleksandr-Zinchenko,Left Foot,51cf8561,Oleksandr-Zinchenko
/en/players/6622454d/Hakim-Ziyech,Left Foot,6622454d,Hakim-Ziyech
/en/players/ce4246f5/Kurt-Zouma,Right Foot,ce4246f5,Kurt-Zouma
/en/players/79300479/Martin-Odegaard,Left Foot,79300479,Martin-Odegaard
/en/players/774cf58b/Max-Aarons,Right Foot,774cf58b,Max-Aarons
/en/players/cc700722/Allan,Right Foot,cc700722,Allan
/en/players/f4290206/Marcos-Alonso,Left Foot,f4290206,Marcos-Alonso
/en/players/ad1f61f3/Steven-Alzate,Right Foot,ad1f61f3,Steven-Alzate
/en/players/b391383a/Harrison-Ashby,Right Foot,b391383a,Harrison-Ashby
/en/players/1c0eea98/Daniel-Bachmann,Right Foot,1c0eea98,Daniel-Bachmann
/en/players/a1232f4e/Eric-Bailly,Right Foot,a1232f4e,Eric-Bailly
/en/players/31822f8c/Folarin-Balogun,Right Foot,31822f8c,Folarin-Balogun
/en/players/3a24769f/Ross-Barkley,Right Foot,3a24769f,Ross-Barkley
/en/players/2691c772/Ashley-Barnes,Right Foot,2691c772,Ashley-Barnes
/en/players/cd4256d3/Lewis-Bate,Left Foot,cd4256d3,Lewis-Bate
/en/players/ab070c55/Christian-Benteke,Right Foot,ab070c55,Christian-Benteke
/en/players/f72293fc/Johann-Berg-Gudmundsson,Left Foot,f72293fc,Johann-Berg-Gudmundsson
/en/players/a29b1131/Steven-Bergwijn,Right Foot,a29b1131,Steven-Bergwijn
/en/players/01226327/Ryan-Bertrand,Left Foot,1226327,Ryan-Bertrand
/en/players/407db0d5/Mads-Bidstrup,Right Foot,407db0d5,Mads-Bidstrup
/en/players/c1949191/Jarrad-Branthwaite,Left Foot,c1949191,Jarrad-Branthwaite
/en/players/47369df8/Josh-Brownhill,Right Foot,47369df8,Josh-Brownhill
/en/players/a2081c6b/Lewis-Brunt,No Data,a2081c6b,Lewis-Brunt
/en/players/cc70a1d5/Jack-Butland,Right Foot,cc70a1d5,Jack-Butland
/en/players/1bf811d4/Sam-Byram,Right Foot,1bf811d4,Sam-Byram
/en/players/a179d516/Willy-Caballero,Right Foot,a179d516,Willy-Caballero
/en/players/f63d8a4b/Todd-Cantwell,Right Foot,f63d8a4b,Todd-Cantwell
/en/players/89e4b358/Craig-Cathcart,Right Foot,89e4b358,Craig-Cathcart
/en/players/527f063d/Edinson-Cavani,Right Foot,527f063d,Edinson-Cavani
/en/players/17734ea0/Kayky-Chagas,Left Foot,17734ea0,Kayky-Chagas
/en/players/240c8ab6/Daniel-Chesters,No Data,240c8ab6,Daniel-Chesters
/en/players/dc6c2f02/Chiquinho,No Data,dc6c2f02,Chiquinho
/en/players/7d2d3329/Hamza-Choudhury,Right Foot,7d2d3329,Hamza-Choudhury
/en/players/1cb49278/Andreas-Christensen,Right Foot,1cb49278,Andreas-Christensen
/en/players/2b91cf8e/Ciaran-Clark,Left Foot,2b91cf8e,Ciaran-Clark
/en/players/6cdd8245/Tom-Cleverley,Right Foot,6cdd8245,Tom-Cleverley
/en/players/27c01749/Aaron-Connolly,Right Foot,27c01749,Aaron-Connolly
/en/players/74e12f1e/Jack-Cork,Right Foot,74e12f1e,Jack-Cork
/en/players/f13d02a6/Helder-Costa,Left Foot,f13d02a6,Helder-Costa
/en/players/4654e5f5/Charlie-Cresswell,Right Foot,4654e5f5,Charlie-Cresswell
/en/players/71b47ab9/Cucho,Right Foot,71b47ab9,Cucho
/en/players/cc3b8e78/Luke-Cundle,Right Foot,cc3b8e78,Luke-Cundle
/en/players/67ca8566/Stuart-Dallas,Right Foot,67ca8566,Stuart-Dallas
/en/players/cde3309f/Karl-Darlow,Right Foot,cde3309f,Karl-Darlow
/en/players/9deaf2c8/Keinan-Davis,Both,9deaf2c8,Keinan-Davis
/en/players/82e34b69/Troy-Deeney,Right Foot,82e34b69,Troy-Deeney
/en/players/dd897ee7/Liam-Delap,Right Foot,dd897ee7,Liam-Delap
/en/players/111c3236/Fabian-Delph,Left Foot,111c3236,Fabian-Delph
/en/players/e814e1cf/Lewis-Dobbin,Right Foot,e814e1cf,Lewis-Dobbin
/en/players/2f6ec02a/Kieran-Dowell,Left Foot,2f6ec02a,Kieran-Dowell
/en/players/3a949a25/Martin-Dubravka,Right Foot,3a949a25,Martin-Dubravka
/en/players/3fe6bd8c/Paul-Dummett,Left Foot,3fe6bd8c,Paul-Dummett
/en/players/d313e8ff/CJ-Egan-Riley,Right Foot,d313e8ff,CJ-Egan-Riley
/en/players/b579e83d/Oghenekaro-Etebo,Right Foot,b579e83d,Oghenekaro-Etebo
/en/players/e5d01ecf/Kiko-Femenia,Right Foot,e5d01ecf,Kiko-Femenia
/en/players/4596da74/Evan-Ferguson,No Data,4596da74,Evan-Ferguson
/en/players/2f8d27bc/Nathan-Ferguson,Right Foot,2f8d27bc,Nathan-Ferguson
/en/players/f127d782/Alvaro-Fernandez,Right Foot,f127d782,Alvaro-Fernandez
/en/players/f25b010f/Federico-Fernandez,Right Foot,f25b010f,Federico-Fernandez
/en/players/101da2b5/Fernandinho,Right Foot,101da2b5,Fernandinho
/en/players/eeb6551f/Ashley-Fletcher,Right Foot,eeb6551f,Ashley-Fletcher
/en/players/82c215a0/Marcus-Forss,Right Foot,82c215a0,Marcus-Forss
/en/players/c3e39f12/Fraser-Forster,Right Foot,c3e39f12,Fraser-Forster
/en/players/d0b3ceb9/Ben-Foster,Left Foot,d0b3ceb9,Ben-Foster
/en/players/3dcef539/Tariqe-Fosu,Right Foot,3dcef539,Tariqe-Fosu
/en/players/d102b8a2/Leo-Fuhr-Hjelde,Left Foot,d102b8a2,Leo-Fuhr-Hjelde
/en/players/e58a03c6/Dwight-Gayle,Right Foot,e58a03c6,Dwight-Gayle
/en/players/6bd603db/Jean-Philippe-Gbamin,Right Foot,6bd603db,Jean-Philippe-Gbamin
/en/players/ffa90327/Anwar-El-Ghazi,Right Foot,ffa90327,Anwar-El-Ghazi
/en/players/112c495e/Dimitris-Giannoulis,Left Foot,112c495e,Dimitris-Giannoulis
/en/players/bcfb0142/Ben-Gibson,Left Foot,bcfb0142,Ben-Gibson
/en/players/1961b2aa/Andre-Gomes,Right Foot,1961b2aa,Andre-Gomes
/en/players/7aee4dd3/Charlie-Goode,Right Foot,7aee4dd3,Charlie-Goode
/en/players/19a9cb70/Kaide-Gordon,Left Foot,19a9cb70,Kaide-Gordon
/en/players/7fec31a0/Dan-Gosling,Right Foot,7fec31a0,Dan-Gosling
/en/players/58eee997/Mason-Greenwood,Left Foot,58eee997,Mason-Greenwood
/en/players/e082af5b/Angus-Gunn,Right Foot,e082af5b,Angus-Gunn
/en/players/e9254eec/Grant-Hanley,Right Foot,e9254eec,Grant-Hanley
/en/players/bf8fad51/Kortney-Hause,Left Foot,bf8fad51,Kortney-Hause
/en/players/c951a6df/Isaac-Hayden,Right Foot,c951a6df,Isaac-Hayden
/en/players/989d5705/Jeff-Hendrick,Right Foot,989d5705,Jeff-Hendrick
/en/players/76eca7e2/Wayne-Hennessey,Right Foot,76eca7e2,Wayne-Hennessey
/en/players/9a71e978/Ki-Jana-Hoever,Right Foot,9a71e978,Ki-Jana-Hoever
/en/players/15f3ec41/Callum-Hudson-Odoi,Right Foot,15f3ec41,Callum-Hudson-Odoi
/en/players/291e3ec3/Adam-Idah,Right Foot,291e3ec3,Adam-Idah
/en/players/84c5ceea/Tim-Iroegbunam,No Data,84c5ceea,Tim-Iroegbunam
/en/players/e8832875/Joao-Pedro,Right Foot,e8832875,Joao-Pedro
/en/players/def899bd/Phil-Jones,Right Foot,def899bd,Phil-Jones
/en/players/2d61d13a/Ozan-Kabak,Right Foot,2d61d13a,Ozan-Kabak
/en/players/914ab9a1/Christian-Kabasele,Right Foot,914ab9a1,Christian-Kabasele
/en/players/b8d22478/Samuel-Kalu,Right Foot,b8d22478,Samuel-Kalu
/en/players/19a12bed/Hassane-Kamara,Left Foot,19a12bed,Hassane-Kamara
/en/players/f99b71de/Edo-Kayembe,Left Foot,f99b71de,Edo-Kayembe
/en/players/3d50bcdb/Moise-Kean,Right Foot,3d50bcdb,Moise-Kean
/en/players/f25c8e3a/Naby-Keita,Right Foot,f25c8e3a,Naby-Keita
/en/players/62d7ef38/Caoimhin-Kelleher,Right Foot,62d7ef38,Caoimhin-Kelleher
/en/players/5eebbfdf/Kenedy,Left Foot,5eebbfdf,Kenedy
/en/players/099e666f/Jonjoe-Kenny,Right Foot,099e666f,Jonjoe-Kenny
/en/players/43458538/Joshua-King,Right Foot,43458538,Joshua-King
/en/players/3f70db80/Kristoffer-Klaesson,Left Foot,3f70db80,Kristoffer-Klaesson
/en/players/3935e52e/Sead-Kolasinac,Left Foot,3935e52e,Sead-Kolasinac
/en/players/e717705a/Alex-Kral,Right Foot,e717705a,Alex-Kral
/en/players/f23f9d20/Tim-Krul,Left Foot,f23f9d20,Tim-Krul
/en/players/5aaef9ef/Juraj-Kucka,Right Foot,5aaef9ef,Juraj-Kucka
/en/players/9dbb75ca/Alexandre-Lacazette,Right Foot,9dbb75ca,Alexandre-Lacazette
/en/players/f5044e54/Pierre-Lees-Melou,Right Foot,f5044e54,Pierre-Lees-Melou
/en/players/2ff964a0/Aaron-Lennon,Right Foot,2ff964a0,Aaron-Lennon
/en/players/afed6722/Valentino-Livramento,Right Foot,afed6722,Valentino-Livramento
/en/players/d7553721/Giovani-Lo-Celso,Left Foot,d7553721,Giovani-Lo-Celso
/en/players/6cc47ae1/Jurgen-Locadia,Right Foot,6cc47ae1,Jurgen-Locadia
/en/players/5a4280b1/Kevin-Long,Right Foot,5a4280b1,Kevin-Long
/en/players/9f472354/Shane-Long,Right Foot,9f472354,Shane-Long
/en/players/7c104bb7/Ademola-Lookman,Right Foot,7c104bb7,Ademola-Lookman
/en/players/939bc634/Jonas-Lossl,Right Foot,939bc634,Jonas-Lossl
/en/players/e1df6989/Imran-Louza,Left Foot,e1df6989,Imran-Louza
/en/players/9a9c05db/Matthew-Lowton,Right Foot,9a9c05db,Matthew-Lowton
/en/players/5eae500a/Romelu-Lukaku,Left Foot,5eae500a,Romelu-Lukaku
/en/players/c691bfe2/Sadio-Mane,Right Foot,c691bfe2,Sadio-Mane
/en/players/9ae9eaea/Fernando-Marcal,Left Foot,9ae9eaea,Fernando-Marcal
/en/players/aa54ec6f/Pablo-Mari,Left Foot,aa54ec6f,Pablo-Mari
/en/players/de0f152c/Adam-Masina,Left Foot,de0f152c,Adam-Masina
/en/players/57df7a11/Arthur-Masuaku,Left Foot,57df7a11,Arthur-Masuaku
/en/players/29733c72/Juan-Mata,Left Foot,29733c72,Juan-Mata
/en/players/eb7822d7/Nemanja-Matic,Left Foot,eb7822d7,Nemanja-Matic
/en/players/cee31595/James-McArthur,Right Foot,cee31595,James-McArthur
/en/players/96593e89/James-Mcatee,Left Foot,9.66E+93,James-Mcatee
/en/players/b2c66859/Kasey-McAteer,No Data,b2c66859,Kasey-McAteer
/en/players/076bb352/Liam-McCarron,Left Foot,076bb352,Liam-McCarron
/en/players/36c2ca73/Alex-McCarthy,Right Foot,36c2ca73,Alex-McCarthy
/en/players/1000a059/Stuart-McKinstry,Right Foot,1000a059,Stuart-McKinstry
/en/players/471f16b3/Kenny-McLean,Left Foot,471f16b3,Kenny-McLean
/en/players/ca22ccb0/Hannibal-Mejbri,No Data,ca22ccb0,Hannibal-Mejbri
/en/players/5271c8f1/Benjamin-Mendy,Left Foot,5271c8f1,Benjamin-Mendy
/en/players/f833a830/Takumi-Minamino,Right Foot,f833a830,Takumi-Minamino
/en/players/f230bc30/Jakub-Moder,Right Foot,f230bc30,Jakub-Moder
/en/players/bfae110f/Wesley-Moraes,Right Foot,bfae110f,Wesley-Moraes
/en/players/2bc28bb9/Tyler-Morton,Right Foot,2bc28bb9,Tyler-Morton
/en/players/2d760d7b/Bali-Mumba,Right Foot,2d760d7b,Bali-Mumba
/en/players/de5b5570/Marvelous-Nakamba,Left Foot,de5b5570,Marvelous-Nakamba
/en/players/5cdddffa/Tanguy-Ndombele,Right Foot,5cdddffa,Tanguy-Ndombele
/en/players/3631ad41/Jeremy-Ngakia,Right Foot,3631ad41,Jeremy-Ngakia
/en/players/c14bc029/Saul-Niguez,Left Foot,c14bc029,Saul-Niguez
/en/players/93cf32a8/Nicolas-Nkoulou,Right Foot,93cf32a8,Nicolas-Nkoulou
/en/players/ff527768/Mark-Noble,Right Foot,ff527768,Mark-Noble
/en/players/8996350d/Mathias-Normann,Right Foot,8996350d,Mathias-Normann
/en/players/c393a6c4/Andrew-Omobamidele,Right Foot,c393a6c4,Andrew-Omobamidele
/en/players/d86a1f3e/Tyler-Onyango,Right Foot,d86a1f3e,Tyler-Onyango
/en/players/43a166b4/Divock-Origi,Right Foot,43a166b4,Divock-Origi
/en/players/57e3f0c7/Nicolas-Pepe,Left Foot,57e3f0c7,Nicolas-Pepe
/en/players/75a72a99/Ricardo-Pereira,Right Foot,75a72a99,Ricardo-Pereira
/en/players/87f12e30/Sonny-Perkins,No Data,87f12e30,Sonny-Perkins
/en/players/19f4d211/Jaden-Philogene-Bidace,Right Foot,19f4d211,Jaden-Philogene-Bidace
/en/players/1ef37668/Erik-Pieters,Left Foot,1ef37668,Erik-Pieters
/en/players/867239d3/Paul-Pogba,Right Foot,867239d3,Paul-Pogba
/en/players/b9403c99/Isaac-Price,No Data,b9403c99,Isaac-Price
/en/players/0745b37d/Teemu-Pukki,Right Foot,0745b37d,Teemu-Pukki
/en/players/3c33f9d9/Przemyslaw-Placheta,Left Foot,3c33f9d9,Przemyslaw-Placheta
/en/players/45685411/Jesuran-Rak-Sakyi,Left Foot,45685411,Jesuran-Rak-Sakyi
/en/players/3423f250/Raphinha,Left Foot,3423f250,Raphinha
/en/players/6c6a3300/Milot-Rashica,Right Foot,6c6a3300,Milot-Rashica
/en/players/3353737a/Sergio-Reguilon,Left Foot,3353737a,Sergio-Reguilon
/en/players/e0243d23/Taylor-Richards,Left Foot,e0243d23,Taylor-Richards
/en/players/24fae784/Connor-Roberts,Right Foot,24fae784,Connor-Roberts
/en/players/6c17e046/Tyler-Roberts,Right Foot,6c17e046,Tyler-Roberts
/en/players/8d62d31a/Joe-Rodon,Right Foot,8d62d31a,Joe-Rodon
/en/players/4ab53cdb/Jay-Rodriguez,Right Foot,4ab53cdb,Jay-Rodriguez
/en/players/89d10e53/Danny-Rose,Left Foot,89d10e53,Danny-Rose
/en/players/8c12f884/Jon-Rowe,No Data,8c12f884,Jon-Rowe
/en/players/da8b19e2/John-Ruddy,Right Foot,da8b19e2,John-Ruddy
/en/players/18b896d6/Antonio-Rudiger,Right Foot,18b896d6,Antonio-Rudiger
/en/players/3faa1780/Lukas-Rupp,Right Foot,3faa1780,Lukas-Rupp
/en/players/9fbbcf39/Romain-Saiss,Left Foot,9fbbcf39,Romain-Saiss
/en/players/92b4758e/Samir-Santos,Left Foot,92b4758e,Samir-Santos
/en/players/a8d4428b/Josh-Sargent,Right Foot,a8d4428b,Josh-Sargent
/en/players/bfdb33aa/Ismaila-Sarr,Right Foot,bfdb33aa,Ismaila-Sarr
/en/players/4315f30d/Malang-Sarr,Left Foot,4315f30d,Malang-Sarr
/en/players/21945a9e/Dane-Scarlett,Right Foot,21945a9e,Dane-Scarlett
/en/players/53af52f3/Kasper-Schmeichel,Right Foot,53af52f3,Kasper-Schmeichel
/en/players/1770bd68/Ken-Sema,Left Foot,1770bd68,Ken-Sema
/en/players/8d03ca5a/Jamie-Shackleton,Right Foot,8d03ca5a,Jamie-Shackleton
/en/players/00f0482f/Shola-Shoretire,Right Foot,00f0482f,Shola-Shoretire
/en/players/0f933743/Francisco-Sierralta,Right Foot,0f933743,Francisco-Sierralta
/en/players/e7aa9d7c/Fabio-Silva,Right Foot,e7aa9d7c,Fabio-Silva
/en/players/26d3b5be/Ellis-Simms,Right Foot,26d3b5be,Ellis-Simms
/en/players/2acd49b9/Moussa-Sissoko,Right Foot,2acd49b9,Moussa-Sissoko
/en/players/5e105217/William-Smallbone,Right Foot,5e105217,William-Smallbone
/en/players/35be8087/Tony-Springett,No Data,35be8087,Tony-Springett
/en/players/28300a16/Jason-Steele,Right Foot,28300a16,Jason-Steele
/en/players/a8a3d139/Jed-Steer,Left Foot,a8a3d139,Jed-Steer
/en/players/42130443/Zack-Steffen,Right Foot,42130443,Zack-Steffen
/en/players/653ee42d/Dale-Stephens,Right Foot,653ee42d,Dale-Stephens
/en/players/7e003182/Finley-Stevens,Right Foot,7e003182,Finley-Stevens
/en/players/953c30b0/Jakob-Sorensen,Right Foot,953c30b0,Jakob-Sorensen
/en/players/e9971f2d/Japhet-Tanganga,Right Foot,e9971f2d,Japhet-Tanganga
/en/players/a65c844b/Nuno-Tavares,Left Foot,a65c844b,Nuno-Tavares
/en/players/cc2d7ad5/Charlie-Taylor,Left Foot,cc2d7ad5,Charlie-Taylor
/en/players/f1e94cd6/Nathan-Tella,Right Foot,f1e94cd6,Nathan-Tella
/en/players/e73c9bb2/Alex-Telles,Left Foot,e73c9bb2,Alex-Telles
/en/players/235a62f8/Dominic-Thompson,Left Foot,235a62f8,Dominic-Thompson
/en/players/9e1035f8/Ferran-Torres,Right Foot,9e1035f8,Ferran-Torres
/en/players/9a104dee/Cenk-Tosun,Right Foot,9a104dee,Cenk-Tosun
/en/players/b28bbd58/Andros-Townsend,Left Foot,b28bbd58,Andros-Townsend
/en/players/c47541e0/Bertrand-Traore,Left Foot,c47541e0,Bertrand-Traore
/en/players/3ae14ed1/Trezeguet,Right Foot,3ae14ed1,Trezeguet
/en/players/77e39b04/Francisco-Trincao,Left Foot,77e39b04,Francisco-Trincao
/en/players/7ed4921e/William-Troost-Ekong,Right Foot,7ed4921e,William-Troost-Ekong
/en/players/2baec6ce/Axel-Tuanzebe,Right Foot,2baec6ce,Axel-Tuanzebe
/en/players/17d45fb2/Ozan-Tufan,Right Foot,17d45fb2,Ozan-Tufan
/en/players/9f333379/Christos-Tzolis,Right Foot,9f333379,Christos-Tzolis
/en/players/1900032e/Jannik-Vestergaard,Right Foot,1900032e,Jannik-Vestergaard
/en/players/aa8e289e/Nikola-Vlasic,Right Foot,aa8e289e,Nikola-Vlasic
/en/players/0d4ceb32/Matej-Vydra,Right Foot,0d4ceb32,Matej-Vydra
/en/players/c4e87b8b/Wout-Weghorst,Right Foot,c4e87b8b,Wout-Weghorst
/en/players/49fe9070/Timo-Werner,Right Foot,49fe9070,Timo-Werner
/en/players/495945ef/Ashley-Westwood,Right Foot,495945ef,Ashley-Westwood
/en/players/5e74d6c8/Brandon-Williams,Right Foot,5e74d6c8,Brandon-Williams
/en/players/2f7acede/Harry-Winks,Right Foot,2f7acede,Harry-Winks
/en/players/19e50035/Freddie-Woodman,Right Foot,19e50035,Freddie-Woodman
/en/players/849c826a/Andriy-Yarmolenko,Left Foot,849c826a,Andriy-Yarmolenko
/en/players/f9682888/Nathan-Young-Coombes,No Data,f9682888,Nathan-Young-Coombes
/en/players/2d5f03bf/Christoph-Zimmermann,Right Foot,2d5f03bf,Christoph-Zimmermann
/en/players/5f09991f/Patrick-van-Aanholt,Left Foot,5f09991f,Patrick-van-Aanholt
/en/players/f586779e/Tammy-Abraham,Right Foot,f586779e,Tammy-Abraham
/en/players/f76e6b4e/Adrian,Right Foot,f76e6b4e,Adrian
/en/players/4d034881/Sergio-Aguero,Right Foot,4d034881,Sergio-Aguero
/en/players/246d153b/Ola-Aina,Right Foot,246d153b,Ola-Aina
/en/players/d6192210/Semi-Ajayi,Right Foot,d6192210,Semi-Ajayi
/en/players/f7d50789/Toby-Alderweireld,Right Foot,f7d50789,Toby-Alderweireld
/en/players/8fa8f8d2/Runar-Alex-Runarsson,Right Foot,8fa8f8d2,Runar-Alex-Runarsson
/en/players/1a7fcf39/Ezgjan-Alioski,Left Foot,1a7fcf39,Ezgjan-Alioski
/en/players/10b9fa99/Ethan-Ampadu,Right Foot,10b9fa99,Ethan-Ampadu
/en/players/9f1893b9/Felipe-Anderson,Right Foot,9f1893b9,Felipe-Anderson
/en/players/8d228291/Charlie-Austin,Right Foot,8d228291,Charlie-Austin
/en/players/3626f7d9/Fabian-Balbuena,Right Foot,3626f7d9,Fabian-Balbuena
/en/players/394854c4/George-Baldock,Right Foot,394854c4,George-Baldock
/en/players/a58bb1e1/Gareth-Bale,Left Foot,a58bb1e1,Gareth-Bale
/en/players/1ae30132/Phil-Bardsley,Right Foot,1ae30132,Phil-Bardsley
/en/players/18e96f64/Kyle-Bartley,Right Foot,18e96f64,Kyle-Bartley
/en/players/1aa84968/Chris-Basham,Right Foot,1aa84968,Chris-Basham
/en/players/2973d8ff/Michy-Batshuayi,Right Foot,2973d8ff,Michy-Batshuayi
/en/players/f874dd44/Hector-Bellerin,Right Foot,f874dd44,Hector-Bellerin
/en/players/bf3aeb61/Josh-Benson,Right Foot,bf3aeb61,Josh-Benson
/en/players/5348aada/Gaetano-Berardi,Right Foot,5348aada,Gaetano-Berardi
/en/players/d0b6129f/Sander-Berge,Right Foot,d0b6129f,Sander-Berge
/en/players/ab4b3e35/Bernard,Right Foot,ab4b3e35,Bernard
/en/players/17370b95/Bernardo,Left Foot,17370b95,Bernardo
/en/players/ae5019e6/Jayden-Bogle,Right Foot,ae5019e6,Jayden-Bogle
/en/players/96bb8cc2/Robbie-Brady,Left Foot,96bb8cc2,Robbie-Brady
/en/players/30e81a88/Rhian-Brewster,Right Foot,30e81a88,Rhian-Brewster
/en/players/43309491/Nathan-Broadhead,Right Foot,43309491,Nathan-Broadhead
/en/players/af69e7f0/Joe-Bryan,Left Foot,af69e7f0,Joe-Bryan
/en/players/c684d3c9/Kean-Bryan,Left Foot,c684d3c9,Kean-Bryan
/en/players/f631c17f/Oliver-Burke,Right Foot,f631c17f,Oliver-Burke
/en/players/e608ed4c/David-Button,Right Foot,e608ed4c,David-Button
/en/players/aa6f2f2c/Oskar-Buur,Right Foot,aa6f2f2c,Oskar-Buur
/en/players/7914b9fe/Gary-Cahill,Right Foot,7914b9fe,Gary-Cahill
/en/players/55b4f1d6/Ian-Carlo-Poveda,Left Foot,55b4f1d6,Ian-Carlo-Poveda
/en/players/b581987a/Andy-Carroll,Left Foot,b581987a,Andy-Carroll
/en/players/3e1550ee/Scott-Carson,Right Foot,3e1550ee,Scott-Carson
/en/players/58bc7d18/Kiko-Casilla,Right Foot,58bc7d18,Kiko-Casilla
/en/players/979b811d/Ivan-Cavaleiro,Right Foot,979b811d,Ivan-Cavaleiro
/en/players/c0617e2b/Dani-Ceballos,Right Foot,c0617e2b,Dani-Ceballos
/en/players/25b82f9a/Theo-Corbeanu,Right Foot,25b82f9a,Theo-Corbeanu
/en/players/a4fe8cda/Patrick-Cutrone,Right Foot,a4fe8cda,Patrick-Cutrone
/en/players/52105203/Scott-Dann,Right Foot,52105203,Scott-Dann
/en/players/8574c61f/Leif-Davis,Left Foot,8574c61f,Leif-Davis
/en/players/dda3969e/Mbaye-Diagne,Right Foot,dda3969e,Mbaye-Diagne
/en/players/9dc96f10/Amad-Diallo,Left Foot,9dc96f10,Amad-Diallo
/en/players/f522d7ec/Grady-Diangana,Left Foot,f522d7ec,Grady-Diangana
/en/players/1fdfd6da/Jimmy-Dunne,Right Foot,1fdfd6da,Jimmy-Dunne
/en/players/1566e437/Kyle-Edwards,Right Foot,1566e437,Kyle-Edwards
/en/players/debe38a0/John-Egan,Right Foot,debe38a0,John-Egan
/en/players/615ef733/Ahmed-Elmohamady,Right Foot,615ef733,Ahmed-Elmohamady
/en/players/bd8a7d05/Sam-Field,Right Foot,bd8a7d05,Sam-Field
/en/players/b63e789d/John-Fleck,Left Foot,b63e789d,John-Fleck
/en/players/a9142dc3/Timothy-Fosu-Mensah,Right Foot,a9142dc3,Timothy-Fosu-Mensah
/en/players/a67a09fb/Christian-Fuchs,Left Foot,a67a09fb,Christian-Fuchs
/en/players/3ec9195b/Darnell-Furlong,Right Foot,3ec9195b,Darnell-Furlong
/en/players/2bed3eab/Eric-Garcia,Right Foot,2bed3eab,Eric-Garcia
/en/players/46ee5234/Kieran-Gibbs,Left Foot,46ee5234,Kieran-Gibbs
/en/players/16ceb862/Olivier-Giroud,Left Foot,16ceb862,Olivier-Giroud
/en/players/87f7500e/Karlan-Grant,Right Foot,87f7500e,Karlan-Grant
/en/players/81d8091f/Kamil-Grosicki,Right Foot,81d8091f,Kamil-Grosicki
/en/players/a7588cdc/Antwoine-Hackford,Right Foot,a7588cdc,Antwoine-Hackford
/en/players/ba115a40/Sebastien-Haller,Right Foot,ba115a40,Sebastien-Haller
/en/players/3c066877/Rekeem-Harper,Right Foot,3c066877,Rekeem-Harper
/en/players/5f1a2f31/Michael-Hector,Right Foot,5f1a2f31,Michael-Hector
/en/players/5540c9dc/Ahmed-Hegazi,Right Foot,5540c9dc,Ahmed-Hegazi
/en/players/c0398aca/Pablo-Hernandez,Right Foot,c0398aca,Pablo-Hernandez
/en/players/fcab00a0/Conor-Hourihane,Left Foot,fcab00a0,Conor-Hourihane
/en/players/6d646ff7/Niall-Huggins,Right Foot,6d646ff7,Niall-Huggins
/en/players/03622183/Odion-Ighalo,Right Foot,3622183,Odion-Ighalo
/en/players/85f8571a/Branislav-Ivanovic,Right Foot,85f8571a,Branislav-Ivanovic
/en/players/ca2bc3df/Jose-Izquierdo,Right Foot,ca2bc3df,Jose-Izquierdo
/en/players/3233eefd/Phil-Jagielka,Right Foot,3233eefd,Phil-Jagielka
/en/players/08452314/Alireza-Jahanbakhsh,Right Foot,8452314,Alireza-Jahanbakhsh
/en/players/7c39363f/Alexandre-Jankewitz,Right Foot,7c39363f,Alexandre-Jankewitz
/en/players/03edb878/Daniel-Jebbison,No Data,03edb878,Daniel-Jebbison
/en/players/9e5708be/Sam-Johnstone,Right Foot,9e5708be,Sam-Johnstone
/en/players/d87e2cae/Willian-Jose,Right Foot,d87e2cae,Willian-Jose
/en/players/4047c976/Aboubakar-Kamara,Right Foot,4047c976,Aboubakar-Kamara
/en/players/d7492450/Martin-Kelly,Right Foot,d7492450,Martin-Kelly
/en/players/88acf83f/Reda-Khadra,Right Foot,88acf83f,Reda-Khadra
/en/players/1f9a3a04/Terence-Kongolo,Left Foot,1f9a3a04,Terence-Kongolo
/en/players/c2dfedeb/Filip-Krovinovic,Right Foot,c2dfedeb,Filip-Krovinovic
/en/players/abe66106/Erik-Lamela,Left Foot,abe66106,Erik-Lamela
/en/players/321a71a7/Maxime-Le-Marchand,Left Foot,321a71a7,Maxime-Le-Marchand
/en/players/2b471f99/Mario-Lemina,Right Foot,2b471f99,Mario-Lemina
/en/players/383e68b1/Khanya-Leshabela,No Data,383e68b1,Khanya-Leshabela
/en/players/b98570d1/Jake-Livermore,Right Foot,b98570d1,Jake-Livermore
/en/players/c0027d2d/Matthew-Longstaff,Right Foot,c0027d2d,Matthew-Longstaff
/en/players/7af88b33/Max-Lowe,Right Foot,7af88b33,Max-Lowe
/en/players/c0e27d1a/David-Luiz,Right Foot,c0e27d1a,David-Luiz
/en/players/0df2b165/John-Lundstram,Right Foot,0df2b165,John-Lundstram
/en/players/bc0bfc64/Josh-Maja,Right Foot,bc0bfc64,Josh-Maja
/en/players/78b8ac63/Oliver-McBurnie,Right Foot,78b8ac63,Oliver-McBurnie
/en/players/64b08de7/James-McCarthy,Right Foot,64b08de7,James-McCarthy
/en/players/dbe56a33/David-McGoldrick,Right Foot,dbe56a33,David-McGoldrick
/en/players/c908a1bc/Jayson-Molumby,Right Foot,c908a1bc,Jayson-Molumby
/en/players/80c31c97/Wes-Morgan,Right Foot,80c31c97,Wes-Morgan
/en/players/d9cfca3d/Lys-Mousset,Right Foot,d9cfca3d,Lys-Mousset
/en/players/f8e588df/Joel-Mumbongo,Right Foot,f8e588df,Joel-Mumbongo
/en/players/3f2d59fe/Shkodran-Mustafi,Right Foot,3f2d59fe,Shkodran-Mustafi
/en/players/5ed97752/Iliman-Ndiaye,Right Foot,5ed97752,Iliman-Ndiaye
/en/players/f5b281e7/Niels-Nkounkou,Left Foot,f5b281e7,Niels-Nkounkou
/en/players/30040f5d/Dan-Nlundulu,Right Foot,30040f5d,Dan-Nlundulu
/en/players/c73ada83/Will-Norris,Right Foot,c73ada83,Will-Norris
/en/players/43439614/Oliver-Norwood,Right Foot,43439614,Oliver-Norwood
/en/players/312626c1/Jack-OConnell,Left Foot,312626c1,Jack-OConnell
/en/players/1d042188/Dara-OShea,Right Foot,1d042188,Dara-OShea
/en/players/caa1a7f0/Michael-Obafemi,Right Foot,caa1a7f0,Michael-Obafemi
/en/players/f7750aa0/Denis-Odoi,Right Foot,f7750aa0,Denis-Odoi
/en/players/79bc4c45/Ben-Osborn,Left Foot,79bc4c45,Ben-Osborn
/en/players/6956ff08/Owen-Otasowie,Right Foot,6956ff08,Owen-Otasowie
/en/players/79b0d6a0/Rui-Patricio,Left Foot,79b0d6a0,Rui-Patricio
/en/players/4879f8cb/Bailey-Peacock-Farrell,Right Foot,4879f8cb,Bailey-Peacock-Farrell
/en/players/af341b88/Lee-Peltier,Right Foot,af341b88,Lee-Peltier
/en/players/b04ee927/Matheus-Pereira,Left Foot,b04ee927,Matheus-Pereira
/en/players/7bb5f40e/Matt-Phillips,Right Foot,7bb5f40e,Matt-Phillips
/en/players/fdd85f94/Davy-Propper,Right Foot,fdd85f94,Davy-Propper
/en/players/dc31b84c/Kayne-Ramsey,Right Foot,dc31b84c,Kayne-Ramsey
/en/players/6385ebfb/Darren-Randolph,Right Foot,6385ebfb,Darren-Randolph
/en/players/4fa62ae4/Lewis-Richardson,Both,4fa62ae4,Lewis-Richardson
/en/players/e75750a3/Callum-Robinson,Right Foot,e75750a3,Callum-Robinson
/en/players/7399c7a8/Jack-Robinson,Left Foot,7399c7a8,Jack-Robinson
/en/players/fb2dec57/Hal-Robson-Kanu,Left Foot,fb2dec57,Hal-Robson-Kanu
/en/players/715bf047/James-Rodriguez,Left Foot,715bf047,James-Rodriguez
/en/players/4535e4bb/Mathew-Ryan,Right Foot,4535e4bb,Mathew-Ryan
/en/players/87935cf3/Mamadou-Sakho,Left Foot,87935cf3,Mamadou-Sakho
/en/players/77bb1522/Romaine-Sawyers,Right Foot,77bb1522,Romaine-Sawyers
/en/players/e4e0deaa/Femi-Seriki,No Data,e4e0deaa,Femi-Seriki
/en/players/6421ec64/Xherdan-Shaqiri,Left Foot,6421ec64,Xherdan-Shaqiri
/en/players/e8c9f4e9/Billy-Sharp,Right Foot,e8c9f4e9,Billy-Sharp
/en/players/76dd1480/Gylfi-Sigurdsson,Right Foot,76dd1480,Gylfi-Sigurdsson
/en/players/ffec9769/Islam-Slimani,Right Foot,ffec9769,Islam-Slimani
/en/players/9f4647e9/Robert-Snodgrass,Left Foot,9f4647e9,Robert-Snodgrass
/en/players/17d4507a/Enda-Stevens,Left Foot,17d4507a,Enda-Stevens
/en/players/4d0eb7d2/Percy-Tau,Left Foot,4d0eb7d2,Percy-Tau
/en/players/3add8ed8/Sidnei-Tavares,Right Foot,3add8ed8,Sidnei-Tavares
/en/players/c2f9d19f/Neil-Taylor,Left Foot,c2f9d19f,Neil-Taylor
/en/players/ab7d7882/Allan-Tchaptchet,Right Foot,ab7d7882,Allan-Tchaptchet
/en/players/b2ee9d2c/William-Thomas-Fish,Right Foot,b2ee9d2c,William-Thomas-Fish
/en/players/7edfbb8a/Fikayo-Tomori,Right Foot,7edfbb8a,Fikayo-Tomori
/en/players/4dc4f138/Conor-Townsend,Left Foot,4dc4f138,Conor-Townsend
/en/players/1880614f/Cengiz-Under,Left Foot,1880614f,Cengiz-Under
/en/players/728e9b2e/Joao-Virginia,Right Foot,728e9b2e,Joao-Virginia
/en/players/3b029691/Vitinha,Right Foot,3b029691,Vitinha
/en/players/d484c261/Jake-Vokins,Left Foot,d484c261,Jake-Vokins
/en/players/c7170b46/Caleb-Watts,Right Foot,c7170b46,Caleb-Watts
/en/players/eb58eef0/Georginio-Wijnaldum,Right Foot,eb58eef0,Georginio-Wijnaldum
/en/players/012c975a/Rhys-Williams,Right Foot,012c975a,Rhys-Williams
/en/players/ae0a7ddf/DeAndre-Yedlin,Right Foot,ae0a7ddf,DeAndre-Yedlin
/en/players/e49ce451/Okay-Yokuslu,Right Foot,e49ce451,Okay-Yokuslu
/en/players/6bb2c084/Andre-Frank-Zambo-Anguissa,Right Foot,6bb2c084,Andre-Frank-Zambo-Anguissa
/en/players/d01231f0/Andi-Zeqiri,Left Foot,d01231f0,Andi-Zeqiri
/en/players/2b1c4abd/Albian-Ajeti,Right Foot,2b1c4abd,Albian-Ajeti
/en/players/9260926b/Ibrahim-Amadou,Right Foot,9260926b,Ibrahim-Amadou
/en/players/dc008610/Florin-Andone,Right Foot,dc008610,Florin-Andone
/en/players/30941e96/Angelino,Left Foot,3.09E+100,Angelino
/en/players/b105919e/Faustino-Anjorin,Right Foot,b105919e,Faustino-Anjorin
/en/players/8816329f/Christian-Atsu,Left Foot,8816329f,Christian-Atsu
/en/players/b18095b6/Leighton-Baines,Left Foot,b18095b6,Leighton-Baines
/en/players/8c44e37b/Borja-Baston,Right Foot,8c44e37b,Borja-Baston
/en/players/0bad4516/Ryan-Bennett,Right Foot,0bad4516,Ryan-Bennett
/en/players/3189f61a/Nabil-Bentaleb,Left Foot,3189f61a,Nabil-Bentaleb
/en/players/7ca9f0f0/Muhamed-Besic,Right Foot,7ca9f0f0,Muhamed-Besic
/en/players/cfd5e123/Gaetan-Bong,Left Foot,cfd5e123,Gaetan-Bong
/en/players/b0c71810/Sofiane-Boufal,Right Foot,b0c71810,Sofiane-Boufal
/en/players/10072610/Claudio-Bravo,Right Foot,10072610,Claudio-Bravo
/en/players/dc4cae05/David-Brooks,Left Foot,dc4cae05,David-Brooks
/en/players/b2d03887/Victor-Camarasa,Right Foot,b2d03887,Victor-Camarasa
/en/players/5acc4a10/Etienne-Capoue,Right Foot,5acc4a10,Etienne-Capoue
/en/players/2696b6a9/Tahith-Chong,Left Foot,2696b6a9,Tahith-Chong
/en/players/91c975a0/Leon-Clarke,Right Foot,91c975a0,Leon-Clarke
/en/players/9d107085/Charlie-Daniels,Left Foot,9d107085,Charlie-Daniels
/en/players/6e33125f/Kevin-Danso,Right Foot,6e33125f,Kevin-Danso
/en/players/39583cfd/Gerard-Deulofeu,Right Foot,39583cfd,Gerard-Deulofeu
/en/players/5526deb1/Thomas-Doyle,Right Foot,5526deb1,Thomas-Doyle
/en/players/2649ff32/Danny-Drinkwater,Right Foot,2649ff32,Danny-Drinkwater
/en/players/15ea94de/Josip-Drmic,Right Foot,15ea94de,Josip-Drmic
/en/players/79ca3e23/Ondrej-Duda,Right Foot,79ca3e23,Ondrej-Duda
/en/players/4fdf1fd9/Bjorn-Engels,Right Foot,4fdf1fd9,Bjorn-Engels
/en/players/1e43fad8/Ralf-Fahrmann,Right Foot,1e43fad8,Ralf-Fahrmann
/en/players/9d9a71c1/Akin-Famewo,Right Foot,9d9a71c1,Akin-Famewo
/en/players/e2dde94c/Gedson-Fernandes,Right Foot,e2dde94c,Gedson-Fernandes
/en/players/45e17712/Dimitri-Foulquier,Right Foot,45e17712,Dimitri-Foulquier
/en/players/6c7762c3/Juan-Foyth,Right Foot,6c7762c3,Juan-Foyth
/en/players/1e0b6a73/Simon-Francis,Right Foot,1e0b6a73,Simon-Francis
/en/players/c13c24c8/Kieron-Freeman,Right Foot,c13c24c8,Kieron-Freeman
/en/players/636b64cd/Luke-Freeman,Left Foot,636b64cd,Luke-Freeman
/en/players/63d17038/Paulo-Gazzaniga,Right Foot,63d17038,Paulo-Gazzaniga
/en/players/645a3363/Angel-Gomes,Right Foot,645a3363,Angel-Gomes
/en/players/c24dba2a/Andre-Gray,Right Foot,c24dba2a,Andre-Gray
/en/players/f08490a6/Arnaut-Groeneveld,Right Foot,f08490a6,Arnaut-Groeneveld
/en/players/5ea8ef20/Matteo-Guendouzi,Right Foot,5ea8ef20,Matteo-Guendouzi
/en/players/5d8d7454/Frederic-Guilbert,Right Foot,5d8d7454,Frederic-Guilbert
/en/players/a6de6361/Tom-Heaton,Right Foot,a6de6361,Tom-Heaton
/en/players/189cee7b/Javier-Hernandez,Right Foot,189cee7b,Javier-Hernandez
/en/players/007b39a5/Onel-Hernandez,Right Foot,007b39a5,Onel-Hernandez
/en/players/78e87179/George-Hirst,Right Foot,78e87179,George-Hirst
/en/players/12aa7661/Jose-Holebas,Left Foot,12aa7661,Jose-Holebas
/en/players/45ab2170/Nathan-Holland,Left Foot,45ab2170,Nathan-Holland
/en/players/9f736ed2/Jordon-Ibe,Right Foot,9f736ed2,Jordon-Ibe
/en/players/ebd0a048/Matty-James,Right Foot,ebd0a048,Matty-James
/en/players/45da6694/Daryl-Janmaat,Right Foot,45da6694,Daryl-Janmaat
/en/players/41ff002d/Bruno-Jordao,Right Foot,41ff002d,Bruno-Jordao
/en/players/9f351459/Jota,Left Foot,9f351459,Jota
/en/players/5f1d07f6/Timm-Klose,Right Foot,5f1d07f6,Timm-Klose
/en/players/ecf44e09/Jonathan-Kodjia,Right Foot,ecf44e09,Jonathan-Kodjia
/en/players/fe8e6fa1/Henri-Lansbury,Right Foot,fe8e6fa1,Henri-Lansbury
/en/players/016ff750/Valentino-Lazaro,Right Foot,016ff750,Valentino-Lazaro
/en/players/9460aaed/Moritz-Leitner,Right Foot,9460aaed,Moritz-Leitner
/en/players/6eaed4eb/Florian-Lejeune,Right Foot,6eaed4eb,Florian-Lejeune
/en/players/1a2935f6/Dejan-Lovren,Right Foot,1a2935f6,Dejan-Lovren
/en/players/8aa5f52c/Adrian-Mariappa,Right Foot,8aa5f52c,Adrian-Mariappa
/en/players/07666c20/David-Martin,Right Foot,07666c20,David-Martin
/en/players/3f072a68/Josh-Martin,No Data,3f072a68,Josh-Martin
/en/players/51a19d04/Michael-McGovern,Right Foot,51a19d04,Michael-McGovern
/en/players/eba42d2b/Max-Meyer,Right Foot,eba42d2b,Max-Meyer
/en/players/dd0daf32/Henrikh-Mkhitaryan,Right Foot,dd0daf32,Henrikh-Mkhitaryan
/en/players/d4cb83cc/Nacho-Monreal,Left Foot,d4cb83cc,Nacho-Monreal
/en/players/5cec2487/Martin-Montoya,Right Foot,5cec2487,Martin-Montoya
/en/players/e7434f04/Simon-Moore,Right Foot,e7434f04,Simon-Moore
/en/players/47b7e3af/Aaron-Mooy,Right Foot,47b7e3af,Aaron-Mooy
/en/players/bf59c794/Ravel-Morrison,Right Foot,bf59c794,Ravel-Morrison
/en/players/f2f29dda/Glenn-Murray,Right Foot,f2f29dda,Glenn-Murray
/en/players/5343eb4e/Yoshinori-Muto,Right Foot,5343eb4e,Yoshinori-Muto
/en/players/76c131da/Georges-Kevin-NKoudou,Right Foot,76c131da,Georges-Kevin-NKoudou
/en/players/af721f98/Oumar-Niasse,Right Foot,af721f98,Oumar-Niasse
/en/players/bdedffac/Orjan-Nyland,Right Foot,bdedffac,Orjan-Nyland
/en/players/0d267745/Nicolas-Otamendi,Right Foot,0d267745,Nicolas-Otamendi
/en/players/16380240/Mesut-Ozil,Left Foot,16380240,Mesut-Ozil
/en/players/b682dcf6/Sokratis-Papastathopoulos,Right Foot,b682dcf6,Sokratis-Papastathopoulos
/en/players/4357f557/Troy-Parrott,Right Foot,4357f557,Troy-Parrott
/en/players/3ca7254a/Pedro,Right Foot,3ca7254a,Pedro
/en/players/75f2c59f/Roberto-Pereyra,Right Foot,75f2c59f,Roberto-Pereyra
/en/players/9a526299/Brandon-Pierrick,Right Foot,9a526299,Brandon-Pierrick
/en/players/f5e6d08d/Sebastian-Prodl,Right Foot,f5e6d08d,Sebastian-Prodl
/en/players/62437b4f/Ignacio-Pussetto,Right Foot,62437b4f,Ignacio-Pussetto
/en/players/41fb0f4e/Domingos-Quina,Right Foot,41fb0f4e,Domingos-Quina
/en/players/e358587b/Pepe-Reina,Right Foot,e358587b,Pepe-Reina
/en/players/d9ba39fc/Diego-Rico,Left Foot,d9ba39fc,Diego-Rico
/en/players/ba3ca78f/Roberto,Right Foot,ba3ca78f,Roberto
/en/players/59d93937/Patrick-Roberts,Left Foot,59d93937,Patrick-Roberts
/en/players/a07579ee/Jack-Rodwell,Right Foot,a07579ee,Jack-Rodwell
/en/players/e0991c04/Marcos-Rojo,Left Foot,e0991c04,Marcos-Rojo
/en/players/dae8623e/Mbwana-Samatta,Right Foot,dae8623e,Mbwana-Samatta
/en/players/50b51fac/Carlos-Sanchez,Right Foot,50b51fac,Carlos-Sanchez
/en/players/2b114be3/Leroy-Sane,Left Foot,2b114be3,Leroy-Sane
/en/players/a6e316c1/Ezequiel-Schelotto,Right Foot,a6e316c1,Ezequiel-Schelotto
/en/players/51b41c5c/Morgan-Schneiderlin,Right Foot,51b41c5c,Morgan-Schneiderlin
/en/players/4c5b714f/Djibril-Sidibe,Right Foot,4c5b714f,Djibril-Sidibe
/en/players/e2716bd0/David-Silva,Left Foot,e2716bd0,David-Silva
/en/players/76fa5f80/Jack-Simpson,Left Foot,76fa5f80,Jack-Simpson
/en/players/1fdec858/Dennis-Srbeny,Right Foot,1fdec858,Dennis-Srbeny
/en/players/b606638c/Marco-Stiepermann,Left Foot,b606638c,Marco-Stiepermann
/en/players/f573a8bf/Isaac-Success,Right Foot,f573a8bf,Isaac-Success
/en/players/1d8c99b0/Ki-Sung-yueng,Right Foot,1d8c99b0,Ki-Sung-yueng
/en/players/7d41b619/Andrew-Surman,Left Foot,7d41b619,Andrew-Surman
/en/players/75566759/Alexander-Tettey,Right Foot,75566759,Alexander-Tettey
/en/players/b547f08c/Jordan-Thomas,No Data,b547f08c,Jordan-Thomas
/en/players/fa38722f/Max-Thompson,Right Foot,fa38722f,Max-Thompson
/en/players/52611641/Lucas-Torreira,Right Foot,52611641,Lucas-Torreira
/en/players/552aa16c/Tom-Trybull,Right Foot,552aa16c,Tom-Trybull
/en/players/c2111b45/Jesus-Vallejo,Right Foot,c2111b45,Jesus-Vallejo
/en/players/04e195ee/Indiana-Vassilev,Left Foot,04e195ee,Indiana-Vassilev
/en/players/ba23a904/Jan-Vertonghen,Left Foot,ba23a904,Jan-Vertonghen
/en/players/16fa6881/Mario-Vrancic,Left Foot,16fa6881,Mario-Vrancic
/en/players/e0900238/Victor-Wanyama,Right Foot,e0900238,Victor-Wanyama
/en/players/603e4f0b/Kelland-Watts,No Data,603e4f0b,Kelland-Watts
/en/players/41cc19c2/Connor-Wickham,Right Foot,41cc19c2,Connor-Wickham
/en/players/9050ddc4/Jetro-Willems,Left Foot,9050ddc4,Jetro-Willems
/en/players/9c318325/Jack-Wilshere,Left Foot,9c318325,Jack-Wilshere
/en/players/caffaf5a/Maya-Yoshida,Right Foot,caffaf5a,Maya-Yoshida
/en/players/6813ac34/Pablo-Zabaleta,Right Foot,6813ac34,Pablo-Zabaleta
/en/players/d2d74d9c/Richairo-Zivkovic,Right Foot,d2d74d9c,Richairo-Zivkovic
/en/players/77128f7e/Luke-Amos,Both,77128f7e,Luke-Amos
/en/players/00459419/Marko-Arnautovic,Right Foot,459419,Marko-Arnautovic
/en/players/2f4c5a52/Harry-Arter,Both,2f4c5a52,Harry-Arter
/en/players/fd5888a0/Floyd-Ayite,Right Foot,fd5888a0,Floyd-Ayite
/en/players/6438d426/Ryan-Babel,Right Foot,6438d426,Ryan-Babel
/en/players/aaf1bf05/Juninho-Bacuna,Right Foot,aaf1bf05,Juninho-Bacuna
/en/players/9dc69d38/Leandro-Bacuna,Right Foot,9dc69d38,Leandro-Bacuna
/en/players/78e68b4d/Leon-Balogun,Right Foot,78e68b4d,Leon-Balogun
/en/players/5534217d/Sol-Bamba,Right Foot,5534217d,Sol-Bamba
/en/players/6a189491/Antonio-Barreca,Left Foot,6a189491,Antonio-Barreca
/en/players/dc936144/Joe-Bennett,Left Foot,dc936144,Joe-Bennett
/en/players/0d85a4e8/Marcus-Bettinelli,Right Foot,0d85a4e8,Marcus-Bettinelli
/en/players/da23d58d/Leo-Bonatini,Right Foot,da23d58d,Leo-Bonatini
/en/players/34ccf6fa/Artur-Boruc,Right Foot,34ccf6fa,Artur-Boruc
/en/players/356a9a62/Miguel-Britos,Left Foot,356a9a62,Miguel-Britos
/en/players/78803d03/Bruno,Right Foot,78803d03,Bruno
/en/players/91b43c98/Rafael-Camacho,Right Foot,91b43c98,Rafael-Camacho
/en/players/71672fa0/Petr-Cech,Left Foot,71672fa0,Petr-Cech
/en/players/7eb67dad/Cyrus-Christie,Right Foot,7eb67dad,Cyrus-Christie
/en/players/be4fede9/Ibrahima-Cisse,No Data,be4fede9,Ibrahima-Cisse
/en/players/b73e459a/Joel-Coleman,Right Foot,b73e459a,Joel-Coleman
/en/players/73d9bdc7/Peter-Crouch,Right Foot,73d9bdc7,Peter-Crouch
/en/players/dc10b26c/Greg-Cunningham,Right Foot,dc10b26c,Greg-Cunningham
/en/players/03e48abb/Matty-Daly,No Data,03e48abb,Matty-Daly
/en/players/074d8166/Loic-Damour,Right Foot,074d8166,Loic-Damour
/en/players/94b2001f/Danilo,Right Foot,94b2001f,Danilo
/en/players/96e0490d/Matteo-Darmian,Right Foot,96e0490d,Matteo-Darmian
/en/players/cf15bbb1/Steven-Davis,Right Foot,cf15bbb1,Steven-Davis
/en/players/f1e8372d/Jermain-Defoe,Right Foot,f1e8372d,Jermain-Defoe
/en/players/73489527/Steven-Defour,Right Foot,73489527,Steven-Defour
/en/players/f7ee69fb/Mousa-Dembele,Left Foot,f7ee69fb,Mousa-Dembele
/en/players/aa5859cb/Laurent-Depoitre,Right Foot,aa5859cb,Laurent-Depoitre
/en/players/d07e3b41/Fousseni-Diabate,Left Foot,d07e3b41,Fousseni-Diabate
/en/players/65585e3a/Adama-Diakhaby,Left Foot,65585e3a,Adama-Diakhaby
/en/players/b7d082af/Mohamed-Diame,Right Foot,b7d082af,Mohamed-Diame
/en/players/d1c509d9/Luke-Dreher,Right Foot,d1c509d9,Luke-Dreher
/en/players/5ef608f7/Demeaco-Duhaney,Right Foot,5ef608f7,Demeaco-Duhaney
/en/players/cf623c78/Erik-Durm,Right Foot,cf623c78,Erik-Durm
/en/players/72a0fb65/Bruno-Ecuele-Manga,Right Foot,72a0fb65,Bruno-Ecuele-Manga
/en/players/2642bf6c/Neil-Etheridge,Right Foot,2642bf6c,Neil-Etheridge
/en/players/33508c78/Cesc-Fabregas,Right Foot,33508c78,Cesc-Fabregas
/en/players/af245161/Fabricio,Right Foot,af245161,Fabricio
/en/players/87575fd9/Marouane-Fellaini,Right Foot,87575fd9,Marouane-Fellaini
/en/players/8f866fe8/Manolo-Gabbiadini,Left Foot,8f866fe8,Manolo-Gabbiadini
/en/players/44361ade/Sam-Gallagher,Right Foot,44361ade,Sam-Gallagher
/en/players/dc3a9a0d/Rachid-Ghezzal,Left Foot,dc3a9a0d,Rachid-Ghezzal
/en/players/9c74fa25/Jon-Gorenc-Stankovic,Right Foot,9c74fa25,Jon-Gorenc-Stankovic
/en/players/e2533c20/Aron-Gunnarsson,Right Foot,e2533c20,Aron-Gunnarsson
/en/players/9aa186b2/Florent-Hadergjonaj,Right Foot,9aa186b2,Florent-Hadergjonaj
/en/players/d822a850/Ben-Hamer,Right Foot,d822a850,Ben-Hamer
/en/players/24396398/Kadeem-Harris,Both,24396398,Kadeem-Harris
/en/players/cb4f24c6/Joe-Hart,Right Foot,cb4f24c6,Joe-Hart
/en/players/a39bb753/Eden-Hazard,Right Foot,a39bb753,Eden-Hazard
/en/players/07ace8c3/Rhys-Healey,Right Foot,07ace8c3,Rhys-Healey
/en/players/436a9dd0/Ander-Herrera,Right Foot,436a9dd0,Ander-Herrera
/en/players/8a08491a/Gonzalo-Higuain,Right Foot,8a08491a,Gonzalo-Higuain
/en/players/875898c7/Wesley-Hoedt,Left Foot,875898c7,Wesley-Hoedt
/en/players/9306d5ea/Jonathan-Hogg,Right Foot,9306d5ea,Jonathan-Hogg
/en/players/33af5b9e/Junior-Hoilett,Right Foot,33af5b9e,Junior-Hoilett
/en/players/3be1a627/Emerson-Hyndman,Right Foot,3be1a627,Emerson-Hyndman
/en/players/ad1ffcfd/Vicente-Iborra,Right Foot,ad1ffcfd,Vicente-Iborra
/en/players/31dce0c8/Vincent-Janssen,Right Foot,31dce0c8,Vincent-Janssen
/en/players/874125a3/Carl-Jenkinson,Right Foot,874125a3,Carl-Jenkinson
/en/players/a48da055/Stefan-Johansen,Left Foot,a48da055,Stefan-Johansen
/en/players/4701e130/Tyreke-Johnson,Right Foot,4.70E+133,Tyreke-Johnson
/en/players/6265208f/Joselu,Right Foot,6265208f,Joselu
/en/players/5bddccc9/Elias-Kachunga,Right Foot,5bddccc9,Elias-Kachunga
/en/players/26679cdf/Beram-Kayal,Right Foot,26679cdf,Beram-Kayal
/en/players/6c679c6d/Anthony-Knockaert,Left Foot,6c679c6d,Anthony-Knockaert
/en/players/d2bff301/Vincent-Kompany,Right Foot,d2bff301,Vincent-Kompany
/en/players/f5efb153/Laurent-Koscielny,Right Foot,f5efb153,Laurent-Koscielny
/en/players/1931bde9/Rajiv-van-La-Parra,Right Foot,1931bde9,Rajiv-van-La-Parra
/en/players/99b1d0e6/Stephan-Lichtsteiner,Right Foot,99b1d0e6,Stephan-Lichtsteiner
/en/players/82dbf623/Fernando-Llorente,Right Foot,82dbf623,Fernando-Llorente
/en/players/c6896eab/Chris-Lowe,Left Foot,c6896eab,Chris-Lowe
/en/players/e3e6502a/Gary-Madine,Right Foot,e3e6502a,Gary-Madine
/en/players/723ba189/Lazar-Markovic,Right Foot,723ba189,Lazar-Markovic
/en/players/00963611/Konstantinos-Mavropanos,Right Foot,963611,Konstantinos-Mavropanos
/en/players/d368feb8/Alfie-Mawson,Right Foot,d368feb8,Alfie-Mawson
/en/players/aa1a8c7e/Isaac-Mbenza,Right Foot,aa1a8c7e,Isaac-Mbenza
/en/players/71a08f97/Kevin-McDonald,Right Foot,71a08f97,Kevin-McDonald
/en/players/b4b2f632/Nathaniel-Mendez-Laing,Right Foot,b4b2f632,Nathaniel-Mendez-Laing
/en/players/129af0db/Alvaro-Morata,Right Foot,129af0db,Alvaro-Morata
/en/players/11b9265b/Alberto-Moreno,Left Foot,11b9265b,Alberto-Moreno
/en/players/09fec029/Sean-Morrison,Right Foot,09fec029,Sean-Morrison
/en/players/e726e11e/Victor-Moses,Right Foot,e726e11e,Victor-Moses
/en/players/19ba6c6d/Steve-Mounie,Right Foot,19ba6c6d,Steve-Mounie
/en/players/b30c7426/Josh-Murphy,Right Foot,b30c7426,Josh-Murphy
/en/players/165bed61/Samir-Nasri,Right Foot,165bed61,Samir-Nasri
/en/players/c2846353/Marc-Navarro,Right Foot,c2846353,Marc-Navarro
/en/players/6cafd68d/Havard-Nordtveit,Right Foot,6cafd68d,Havard-Nordtveit
/en/players/ba1e04b3/Pedro-Obiang,Right Foot,ba1e04b3,Pedro-Obiang
/en/players/601ef102/Stefano-Okaka,Right Foot,601ef102,Stefano-Okaka
/en/players/68796d61/Shinji-Okazaki,Right Foot,68796d61,Shinji-Okazaki
/en/players/d2583bce/Callum-Paterson,Right Foot,d2583bce,Callum-Paterson
/en/players/a300ac7e/Lucas-Perez,Left Foot,a300ac7e,Lucas-Perez
/en/players/ff9fcd4d/Alex-Pritchard,Right Foot,ff9fcd4d,Alex-Pritchard
/en/players/fd3f57ce/Jason-Puncheon,Left Foot,fd3f57ce,Jason-Puncheon
/en/players/19b8b0b9/Collin-Quaner,Right Foot,19b8b0b9,Collin-Quaner
/en/players/3730fcbc/Joe-Ralls,Left Foot,3730fcbc,Joe-Ralls
/en/players/ef619b0b/Aaron-Ramsey,Right Foot,ef619b0b,Aaron-Ramsey
/en/players/afef14da/Jazz-Richards,Right Foot,afef14da,Jazz-Richards
/en/players/5f0241b2/Sergio-Rico,Right Foot,5f0241b2,Sergio-Rico
/en/players/4b6bcb0d/Aaron-Rowe,No Data,4b6bcb0d,Aaron-Rowe
/en/players/4830e0af/Abdelhamid-Sabiri,Right Foot,4830e0af,Abdelhamid-Sabiri
/en/players/381d7d54/Bakary-Sako,Left Foot,381d7d54,Bakary-Sako
/en/players/2c0f8e9e/Alexis-Sanchez,Right Foot,2c0f8e9e,Alexis-Sanchez
/en/players/8ae9869d/Christopher-Schindler,Right Foot,8ae9869d,Christopher-Schindler
/en/players/ecbb3fdf/Andre-Schurrle,Right Foot,ecbb3fdf,Andre-Schurrle
/en/players/10efd0e1/Jean-Seri,Right Foot,10efd0e1,Jean-Seri
/en/players/d6f88a1d/Adrien-Silva,Right Foot,d6f88a1d,Adrien-Silva
/en/players/15d561fa/Xande-Silva,Right Foot,15d561fa,Xande-Silva
/en/players/3201b03d/Danny-Simpson,Right Foot,3201b03d,Danny-Simpson
/en/players/6d6f09dc/Josh-Sims,Right Foot,6d6f09dc,Josh-Sims
/en/players/059948df/Callum-Slattery,No Data,059948df,Callum-Slattery
/en/players/b6964eb6/Chris-Smalling,Right Foot,b6964eb6,Chris-Smalling
/en/players/e9208654/Tommy-Smith,Right Foot,e9208654,Tommy-Smith
/en/players/98be0d02/Ramadan-Sobhi,Right Foot,98be0d02,Ramadan-Sobhi
/en/players/46b5375e/Pape-Souare,Left Foot,46b5375e,Pape-Souare
/en/players/8e65a5e5/Julian-Speroni,Right Foot,8e65a5e5,Julian-Speroni
/en/players/1b7ec703/Daniel-Sturridge,Left Foot,1b7ec703,Daniel-Sturridge
/en/players/12c50af5/Denis-Suarez,Right Foot,12c50af5,Denis-Suarez
/en/players/e92cd3f7/Alexander-Sorloth,Left Foot,e92cd3f7,Alexander-Sorloth
/en/players/08aa17d0/Antonio-Valencia,Right Foot,08aa17d0,Antonio-Valencia
/en/players/2513a588/Luciano-Vietto,Right Foot,2513a588,Luciano-Vietto
/en/players/1d6ac165/Sam-Vokes,Right Foot,1d6ac165,Sam-Vokes
/en/players/1bebde9d/Michel-Vorm,Right Foot,1bebde9d,Michel-Vorm
/en/players/cfb29823/Danny-Ward,Right Foot,cfb29823,Danny-Ward
/en/players/3831b9fe/Stephen-Ward,Left Foot,3831b9fe,Stephen-Ward
/en/players/ec9a28ce/Danny-Williams,Right Foot,ec9a28ce,Danny-Williams
/en/players/2876eaa3/Ben-Wilmot,Right Foot,2876eaa3,Ben-Wilmot
/en/players/7fe90ccd/Davide-Zappacosta,Right Foot,7fe90ccd,Davide-Zappacosta
/en/players/5e508d0d/Kenneth-Zohore,Right Foot,5e508d0d,Kenneth-Zohore
